good.names,order,family,genus,color_low,color_most,color_high,orn_height_min,orn_height_mean,orn_height_max,orn_diam_min,orn_diam_mean,orn_diam_max,min_wall_thickness,mean_wall_thickness,max_wall_thickness,dim1.min2,dim1.min,dim1.max,dim1.max2,dim2.min2,dim2.min,dim2.max,dim2.max2
Acaulospora_alpina,Diversisporales,Acaulosporaceae,Acaulospora,2,4,5,-1.5,-2.15,-2.8,1.5,2.15,2.8,2.5,3.25,4,53,65,85,97,53,65,85,97
Acaulospora_aspera,Diversisporales,Acaulosporaceae,Acaulospora,2,2,5,-0.8,-0.8,-0.8,0.4,0.5,0.7,10.6,16,20.5,120,130,187,187,120,135,195,195
Acaulospora_baetica,Diversisporales,Acaulosporaceae,Acaulospora,1,5,5,-0.6,-0.95,-1.3,0.8,1.2,1.6,7.6,10.85,14.1,69,69,96,96,65,65,92,92
Acaulospora_bireticulata,Diversisporales,Acaulosporaceae,Acaulospora,1,1,3,6,12,18,3,3.5,4,3,3,3,150,150,155,155,150,150,155,155
Acaulospora_brasiliensis_morphA,Diversisporales,Acaulosporaceae,Acaulospora,0,0,1,4.2,9.6,15,2.4,6.2,10,7.9,10.6,13.3,62,62,95,95,62,62,95,95
Acaulospora_brasiliensis_morphG,Diversisporales,Acaulosporaceae,Acaulospora,0,1,1,0,0,0,0,0,0,1.9,2.2,2.5,25,25,30,30,25,25,30,30
Acaulospora_capsicula,Diversisporales,Acaulosporaceae,Acaulospora,2,4,4,0,0,0,0,0,0,6.6,12.7,20.9,170,298,298,330,170,298,298,330
Acaulospora_cavernata,Diversisporales,Acaulosporaceae,Acaulospora,2,2,4,-1.7,-2.1,-2.5,2,3.5,5,9.3,11.4,15.7,11,140,140,170,11,140,140,170
Acaulospora_colliculosa,Diversisporales,Acaulosporaceae,Acaulospora,0,0,1,0,0.5,1,0.5,1.75,3,3,3.5,4,75,84.25,84.72,99.6,75,84.25,84.72,99.6
Acaulospora_colombiana,Diversisporales,Acaulosporaceae,Acaulospora,0,2,5,0,0,0,0,0,0,3,5,7,75,100,115,135,75,100,115,135
Acaulospora_colossica,Diversisporales,Acaulosporaceae,Acaulospora,4,5,5,0,0,0,0,0,0,7.2,12.25,17.3,180,279,279,380,180,279,279,380
Acaulospora_delicata,Diversisporales,Acaulosporaceae,Acaulospora,0,1,2,0,0,0,0,0,0,4.75,5.375,6,80,80,125,150,80,80,110,140
Acaulospora_denticulata,Diversisporales,Acaulosporaceae,Acaulospora,4,5,5,0,0,0,0,0,0,1.3,2.2,3.1,120,149.3,149.3,180,120,149.3,149.3,180
Acaulospora_dilatata,Diversisporales,Acaulosporaceae,Acaulospora,2,2,5,0,0,0,0,0,0,4.4,7.2,10,78,106,106,130,78,106,106,130
Acaulospora_elegans,Diversisporales,Acaulosporaceae,Acaulospora,5,5,6,2,2,2,0.5,0.5,0.5,27,27,27,140,140,285,285,140,140,285,285
Acaulospora_endographis,Diversisporales,Acaulosporaceae,Acaulospora,2,4,5,0,0,0,0,0,0,10.3,16.35,22.4,68,74,110,128,68,74,100,180
Acaulospora_entreriana,Diversisporales,Acaulosporaceae,Acaulospora,5,5,5,0,0,0,0,0,0,2.8,5.5,8.2,280,280,300,300,280,280,300,300
Acaulospora_excavata,Diversisporales,Acaulosporaceae,Acaulospora,4,4,5,-2,-4,-6,4,12,20,9.5,11.75,14,115,115,200,200,100,100,165,165
Acaulospora_fanjing,Diversisporales,Acaulosporaceae,Acaulospora,4,4,5,0,0,0,0,0,0,4.7,7.6,9.5,109,123,123,138,109,123,123,138
Acaulospora_flava,Diversisporales,Acaulosporaceae,Acaulospora,2,2,5,0,0,0,0,0,0,7.7,11.1,14.5,95,100,100,150,95,105,105,160
Acaulospora_flavopapillosa,Diversisporales,Acaulosporaceae,Acaulospora,2,2,5,1,1,1,1,1,1,8.6,12.2,13.8,125,125,160,160,125,125,160,160
Acaulospora_foveata,Diversisporales,Acaulosporaceae,Acaulospora,2,4,5,-0.5,-1.75,-3,8,10,12,5.9,15.95,26,185,185,310,410,215,215,350,480
Acaulospora_fragilissima,Diversisporales,Acaulosporaceae,Acaulospora,1,2,4,0,0,0,0,0,0,3.9,4.95,6,50,50,75,75,50,50,75,75
Acaulospora_gedanensis,Diversisporales,Acaulosporaceae,Acaulospora,1,2,5,0,0,0,0,0,0,3.3,4.8,6.3,55,65,65,75,55,65,65,75
Acaulospora_herrerae,Diversisporales,Acaulosporaceae,Acaulospora,2,2,5,-0.6,-1.45,-2.3,0.5,1.2,1.9,6.2,9.15,12.1,79,79,92,92,70,70,126,126
Acaulospora_ignota,Diversisporales,Acaulosporaceae,Acaulospora,1,2,4,0,0,0,0,0,0,7.5,9.7,12.9,65,72,72,80,65,72,72,80
Acaulospora_kentinensis,Diversisporales,Acaulosporaceae,Acaulospora,1,2,5,NA,NA,NA,1,2,3,5.5,11.75,18,85,85,140,140,95,95,210,210
Acaulospora_koreana,Diversisporales,Acaulosporaceae,Acaulospora,5,5,5,0,0,0,0,0,0,3.3,8.15,13,96,127,127,153,99,132,132,158
Acaulospora_koskei,Diversisporales,Acaulosporaceae,Acaulospora,1,2,4,0,0,0,0,0,0,4.1,6.35,8.6,80,183,183,340,80,183,183,340
Acaulospora_lacunosa,Diversisporales,Acaulosporaceae,Acaulospora,2,2,4,-0.2,-1.1,-2,0.2,3.1,6,4.6,8.9,13.2,98,131,131,186,98,131,131,186
Acaulospora_laevis,Diversisporales,Acaulosporaceae,Acaulospora,2,4,5,0,0,0,0,0,0,2,3,4,119,119,300,300,119,119,520,520
Acaulospora_longula,Diversisporales,Acaulosporaceae,Acaulospora,1,2,2,0,0,0,0,0,0,4,6.25,8.5,55,75,90,100,55,75,90,100
Acaulospora_mellea,Diversisporales,Acaulosporaceae,Acaulospora,2,2,5,0,0,0,0,0,0,4,8,11,72,95,105,126,72,95,105,126
Acaulospora_minuta,Diversisporales,Acaulosporaceae,Acaulospora,2,4,5,-0.5,-1.05,-1.6,0.5,1.2,1.8,7.9,11.2,14.5,150,175,230,230,150,175,230,230
Acaulospora_morrowiae,Diversisporales,Acaulosporaceae,Acaulospora,1,2,5,0,0,0,0,0,0,2,4,6,63,79,92,120,63,79,92,120
Acaulospora_nivalis,Diversisporales,Acaulosporaceae,Acaulospora,2,2,5,-1.2,-1.85,-2.5,0.9,,5.5,6.3,9.1,11.9,75,80,88,97,75,80,88,97
Acaulospora_papillosa,Diversisporales,Acaulosporaceae,Acaulospora,1,2,2,0.5,0.85,1.2,0.5,,1.1,3.5,5.3,7.1,69,69,100,110,65,65,93,101
Acaulospora_paulinae,Diversisporales,Acaulosporaceae,Acaulospora,0,2,2,-2,-2.25,-2.5,3,,3.5,1.5,1.75,2,60,72,72,95,60,72,72,95
Polonospora_polonica,Archaeosporales,Polonosporaceae,Polonospora,0,0,0,0,0,0,0,0,0,2.5,3.2,3.8,80,94,94,115,80,94,94,115
Acaulospora_punctata,Diversisporales,Acaulosporaceae,Acaulospora,1,1,2,-1.4,-2.45,-3.5,1.1,2,2.7,6.8,9.65,12.5,105,105,129,129,105,105,129,129
Acaulospora_pustulata,Diversisporales,Acaulosporaceae,Acaulospora,2,5,5,1.2,2.4,5.5,1.2,2.5,5.9,6.6,8.7,10.8,45,45,65,72,44,44,62,68
Acaulospora_reducta,Diversisporales,Acaulosporaceae,Acaulospora,1,2,5,-0.5,-1,-1.5,0.5,1,1.5,13.8,20.7,27.6,135,135,205,205,135,135,205,205
Acaulospora_rehmii,Diversisporales,Acaulosporaceae,Acaulospora,2,2,5,-1,-3,-5,1,2.75,4.5,7.1,10.37,13.64,100,141,141,160,100,141,141,160
Acaulospora_rugosa,Diversisporales,Acaulosporaceae,Acaulospora,0,1,1,-2,-6,-10,,,,4.2,6.5,8.8,49,92,92,118,49,92,92,118
Acaulospora_saccata,Diversisporales,Acaulosporaceae,Acaulospora,0,1,3,0,0,0,0,0,0,7.5,9.25,11,69,75,75,85,69,75,75,85
Acaulospora_scrobiculata,Diversisporales,Acaulosporaceae,Acaulospora,3,5,5,-1,-1.25,-1.5,1,2,3,3.9,6.2,8.5,100,100,240,240,100,100,220,220
Acaulospora_sieverdingii,Diversisporales,Acaulosporaceae,Acaulospora,0,1,2,-0.5,-1,-1.5,0.8,,1.8,4,5.3,6.6,60,60,80,80,60,60,80,80
Acaulospora_soloidea,Diversisporales,Acaulosporaceae,Acaulospora,4,5,5,10,12.5,15,,,,2,2.5,3,50,65,84,90,50,65,84,90
Acaulospora_spinosa,Diversisporales,Acaulosporaceae,Acaulospora,2,4,5,1,2.5,4,0.5,1,2,4.4,8.2,12,100,100,298,298,100,100,335,335
Acaulospora_spinosissima,Diversisporales,Acaulosporaceae,Acaulospora,2,2,2,0.5,0.8,1.1,0.4,0.6,0.8,4.8,6.2,7.6,120,120,187,187,116,116,180,180
Acaulospora_spinulifera,Diversisporales,Acaulosporaceae,Acaulospora,2,5,5,1,1.95,2.9,0.5,0.95,1.4,6,9.65,13.3,74,84,98,107,73,77,93,98
Acaulospora_splendida,Diversisporales,Acaulosporaceae,Acaulospora,0,0,0,0,0,0,0,0,0,2.5,3.75,5,190,190,250,250,190,190,250,250
Acaulospora_sporocarpia,Diversisporales,Acaulosporaceae,Acaulospora,5,5,6,0,0,0,0,0,0,9.5,14.75,20,140,160,200,240,125,150,175,200
Acaulospora_taiwania,Diversisporales,Acaulosporaceae,Acaulospora,2,2,4,,,,0.5,0.75,1,4.5,5.5,6.5,75,75,80,80,75,75,80,80
Acaulospora_terricola,Diversisporales,Acaulosporaceae,Acaulospora,2,2,5,0.5,0.5,0.5,0.44,0.5,0.56,10.1,11,11.8,62,62,88,88,62,62,88,88
Acaulospora_thomii,Diversisporales,Acaulosporaceae,Acaulospora,5,5,6,0,0,0,0,0,0,7.8,11.1,14.3,150,185,185,240,150,185,185,240
Acaulospora_tortuosa,Diversisporales,Acaulosporaceae,Acaulospora,2,4,5,2.4,4.95,7.5,,,,7.3,9.65,12,61,61,84,94,61,61,80,91
Acaulospora_tsugae,Diversisporales,Acaulosporaceae,Acaulospora,1,2,2,0,0,0,0,0,0,10.8,14.75,18.7,64,64,74,74,84,84,99,99
Acaulospora_tuberculata,Diversisporales,Acaulosporaceae,Acaulospora,2,5,5,0.7,1.1,1.5,0.7,1.1,1.5,9.5,13,16.5,255,255,327,327,255,255,340,340
Archaeospora_undulata,Archaeosporales,Archaeosporaceae,Archaeospora,0,0,0,-1,-1.75,-2.5,4,6.5,9,1.5,1.75,2,55,55,85,85,55,55,85,85
Acaulospora_verna,Diversisporales,Acaulosporaceae,Acaulospora,1,2,2,-2.7,-3.6,-3.9,3.2,5.7,7.8,4.5,5.6,6.9,60,75,75,95,60,75,75,95
Acaulospora_viridis,Diversisporales,Acaulosporaceae,Acaulospora,3,5,5,0,0,0,0,0,0,10.2,14.65,19.1,140,140,205,205,140,140,193,193
Acaulospora_walkeri,Diversisporales,Acaulosporaceae,Acaulospora,2,5,5,0,0,0,0,0,0,3,4.5,6,140,140,200,200,140,140,200,200
Ambispora_appendicula_morphA,Archaeosporales,Ambisporaceae,Ambispora,0,1,2,-3,-4,-3,7,,12,16,30,44,170,250,250,390,170,250,250,390
Ambispora_appendicula_morphG,Archaeosporales,Ambisporaceae,Ambispora,0,0,0,0,0,0,0,0,0,3.5,9.5,14.5,120,120,240,280,120,120,240,280
Ambispora_callosa,Archaeosporales,Ambisporaceae,Ambispora,0,1,2,0,0,0,0,0,0,4,7,12,84,84,319,319,84,84,300,300
Ambispora_fecundispora,Archaeosporales,Ambisporaceae,Ambispora,0,1,2,0,0,0,0,0,0,0.5,1.25,2,60,107,107,155,60,107,107,155
Ambispora_fennica_morphA,Archaeosporales,Ambisporaceae,Ambispora,0,1,5,0,0,0,0,0,0,27,27,27,124,124,201,201,134,134,201,201
Ambispora_fennica_morphG,Archaeosporales,Ambisporaceae,Ambispora,0,0,2,0,0,0,0,0,0,4,4,4,38,38,130,130,38,38,117,117
Ambispora_gerdemannii_morphA,Archaeosporales,Ambisporaceae,Ambispora,2,4,5,0,0,0,0,0,0,5,10,13,160,212,212,260,160,212,212,260
Ambispora_gerdemannii_morphG,Archaeosporales,Ambisporaceae,Ambispora,0,2,5,0,0,0,0,0,0,1.5,3,5,40,80,80,120,40,80,80,120
Ambispora_granatensis_morphA,Archaeosporales,Ambisporaceae,Ambispora,0,1,2,0,0,0,0,0,0,5.7,8.35,11,92,92,145,145,92,92,145,145
Ambispora_granatensis_morphG,Archaeosporales,Ambisporaceae,Ambispora,0,0,1,0,0,0,0,0,0,0.1,1,2,25,40,70,70,25,40,70,70
Ambispora_jimgerdemannii,Archaeosporales,Ambisporaceae,Ambispora,5,5,5,6,10,12,4,5,6,9,11.25,15.5,200,200,250,250,200,200,250,250
Ambispora_leptoticha_morphA,Archaeosporales,Ambisporaceae,Ambispora,1,1,1,0,0,0,0,0,0,8,11.25,25,160,181,181,200,160,181,181,200
Ambispora_leptoticha_morphG,Archaeosporales,Ambisporaceae,Ambispora,1,1,2,0,0,0,0,0,0,0,0,0,60,60,250,250,60,60,250,250
Ambispora_nicolsonii,Archaeosporales,Ambisporaceae,Ambispora,0,2,5,0,0,0,0,0,0,4.1,8.55,13,99,99,198,198,99,99,198,198
Ambispora_reticulata,Archaeosporales,Ambisporaceae,Ambispora,2,5,5,0,0,0,0,0,0,6.7,11.1,15.5,87,87,131,131,125,125,150,150
Archaeospora_ecuadoriana_morphA,Archaeosporales,Archaeosporaceae,Ambispora,0,0,0,0,0,0,0,0,0,5,5,5,43,61,61,77,43,60,60,99
Archaeospora_ecuadoriana_morphG,Archaeosporales,Archaeosporaceae,Ambispora,0,0,0,0,0,0,0,0,0,NA,NA,NA,20,20,20,20,20,20,20,20
Archaeospora_europea,Archaeosporales,Archaeosporaceae,Archaeospora,0,0,1,0,0,0,0,0,0,3.9,5.7,7.5,50,65,87,87,48,64,85,85
Archaeospora_myriocarpa,Archaeosporales,Archaeosporaceae,Archaeospora,0,0,0,0,0,0,0,0,0,1.5,3.5,7,22,32,90,90,22,32,90,90
Archaeospora_schenckii,Archaeosporales,Archaeosporaceae,Archaeospora,0,0,0,0,0,0,0,0,0,1.5,2,2.5,37,50,60,77,37,50,60,77
Archaeospora_trappei,Archaeosporales,Archaeosporaceae,Archaeospora,0,0,0,0,0,0,0,0,0,1.2,1.75,2.3,40,58,58,80,40,58,58,80
Bulbospora_minima,Diversisporales,Gigasporaceae,Bulbospora,0,0,2,0,0,0,0,0,0,6.2,8.15,10.1,62,62,95,95,58,58,87,87
Cetraspora_auronigra,Diversisporales,Gigasporaceae,Cetraspora,2,2,2,0,0,0,0,0,0,14.1,24.2,34.3,235,235,348,348,237,237,365,365
Cetraspora_helvetica,Diversisporales,Gigasporaceae,Cetraspora,1,1,2,1.5,3.25,5,5,8.5,12,12.7,18.15,23.6,210,210,270,270,210,210,270,270
Entrophospora_candidum,Entrophosporales,Entrophosporaceae,Entrophospora,1,1,2,0,0,0,0,0,0,5.4,9.6,13.7,87,125,125,157,87,125,125,157
Entrophospora_claroideum,Entrophosporales,Entrophosporaceae,Entrophospora,0,2,2,0,0,0,0,0,0,4.5,7.6,10.5,59,70,199,199,51,70,226,243
Entrophospora_drummondii,Entrophosporales,Entrophosporaceae,Entrophospora,2,2,2,0,0,0,0,0,0,2.5,5.1,7.7,58,71,71,85,58,71,71,85
Entrophospora_etunicatum,Entrophosporales,Entrophosporaceae,Entrophospora,0,2,5,0,0,0,0,0,0,5,7.7,10.4,68,68,144,162,68,68,144,162
Entrophospora_hanlinii,Entrophosporales,Entrophosporaceae,Entrophospora,2,2,5,0,0,0,0,0,0,4.1,8.8,14.3,45,71,71,90,45,71,71,90
Entrophospora_lamellosum,Entrophosporales,Entrophosporaceae,Entrophospora,0,1,2,0,0,0,0,0,0,6,17.75,29.5,98,106,142,142,122,122,162,162
Entrophospora_luteum,Entrophosporales,Entrophosporaceae,Entrophospora,1,2,5,0,0,0,0,0,0,5.1,13.55,22,60,60,180,180,60,60,180,180
Entrophospora_walkeri,Entrophosporales,Entrophosporaceae,Entrophospora,1,1,2,0,0,0,0,0,0,4.5,8,12.5,55,81,81,95,55,81,81,95
Complexispora_mediterranea,Glomerales,Glomeraceae,Complexispora,2,2,5,0,0,0,0,0,0,11.1,17.5,26.3,130,173,173,230,130,173,173,230
Complexispora_multistratosa,Glomerales,Glomeraceae,Complexispora,2,2,3,0,0,0,0,0,0,5.2,14.4,20.8,62,93,93,121,62,93,93,121
Corymbiglomus_corymbiforme,Diversisporales,Diversisporaceae,Corymbiglomus,2,4,4,0,0,0,0,0,0,5.1,9,12.9,50,142,142,220,50,142,142,220
Corymbiglomus_globiferum,Diversisporales,Diversisporaceae,Corymbiglomus,4,4,5,0,0,0,0,0,0,6.5,22.75,39,150,150,260,260,150,150,270,270
Corymbiglomus_pacificum,Diversisporales,Diversisporaceae,Corymbiglomus,2,2,2,0,0,0,0,0,0,5.1,8.1,11.1,85,95,130,135,75,85,125,131
Sieverdingia_tortuosa,Diversisporales,Diversisporaceae,Sieverdingia,0,2,5,0,0,0,0,0,0,0.5,1.25,2,94,94,180,180,112,112,130,130
Dentiscutata_colliculosa,Diversisporales,Gigasporaceae,Dentiscutata,4,5,6,2.4,4,5.1,3.2,5.1,12,16.3,24,32.2,330,330,570,570,330,330,570,570
Dentiscutata_erythropus,Diversisporales,Gigasporaceae,Dentiscutata,4,5,6,0,0,0,0,0,0,5,11.25,17.5,170,221,364,551,205,205,314,660
Dentiscutata_heterogama,Diversisporales,Gigasporaceae,Dentiscutata,4,5,5,0.5,0.75,1,0.5,0.75,1,6,8.25,10.5,120,159,159,200,120,159,159,200
Dentiscutata_nigerita,Diversisporales,Gigasporaceae,Dentiscutata,6,6,6,NA,NA,NA,7,8.5,10,NA,NA,NA,300,300,650,650,275,275,700,700
Desertispora_omaniana,Diversisporales,Diversisporaceae,Desertispora,0,2,5,0,0,0,0,0,0,7.3,13.2,28.6,85,136,136,170,85,136,136,170
Diversispora_arenaria,Diversisporales,Diversisporaceae,Diversispora,4,4,4,0,0,0,0,0,0,3.2,8.1,11.8,55,97,97,120,55,97,97,120
Diversispora_aurantia,Diversisporales,Diversisporaceae,Diversispora,1,2,5,0,0,0,0,0,0,3.9,7.5,11.6,70,98,98,120,70,98,98,120
Diversispora_celata,Diversisporales,Diversisporaceae,Diversispora,0,1,1,0,0,0,0,0,0,2.2,4.6,7,53,53,160,160,48,48,192,192
Diversispora_clara,Diversisporales,Diversisporaceae,Diversispora,1,1,1,0,0,0,0,0,0,4.3,6.35,8.4,80,80,110,110,80,80,110,110
Diversispora_eburnea,Diversisporales,Diversisporaceae,Diversispora,1,1,1,0,0,0,0,0,0,1.2,3.1,5,40,40,60,60,140,140,160,160
Diversispora_epigaea,Diversisporales,Diversisporaceae,Diversispora,1,2,5,0,0,0,0,0,0,5,8,10,60,75,140,165,95,95,140,140
Diversispora_gibbosa,Diversisporales,Diversisporaceae,Diversispora,0,1,2,0,0,0,0,0,0,4.7,8.1,11.8,70,93,115,140,70,93,115,140
Diversispora_insculpta,Diversisporales,Diversisporaceae,Diversispora,1,2,2,0,0,0,0,0,0,4.1,5.5,8.8,50,71,71,85,50,71,71,85
Diversispora_jakucsiae,Diversisporales,Diversisporaceae,Diversispora,2,4,5,0,0,0,0,0,0,5.6,11.2,17.1,85,110,110,145,85,110,110,145
Diversispora_peloponnesiaca,Diversisporales,Diversisporaceae,Diversispora,2,4,5,0,0,0,0,0,0,8.6,11.3,14.9,108,108,142,142,128,128,171,171
Diversispora_peridiata,Diversisporales,Diversisporaceae,Diversispora,2,2,2,0,0,0,0,0,0,4.1,6.6,9.8,35,74,74,100,35,74,74,100
Diversispora_pustulata,Diversisporales,Diversisporaceae,Diversispora,0,0,0,1,3,7,0,,38,4,10,16,43,86,140,140,60,86,140,140
Diversispora_sabulosa,Diversisporales,Diversisporaceae,Diversispora,2,2,2,0,0,0,0,0,0,5,8.05,11.1,17,51,51,67,17,51,51,67
Diversispora_slowinskiensis,Diversisporales,Diversisporaceae,Diversispora,2,2,2,1,3,7,,,,4.3,7.5,9,75,138,138,190,75,138,138,190
Diversispora_sporocarpia,Diversisporales,Diversisporaceae,Diversispora,2,4,5,0,0,0,0,0,0,7.2,11,14.8,140,160,200,240,125,150,175,200
Diversispora_spurca,Diversisporales,Diversisporaceae,Diversispora,0,0,1,0,0,0,0,0,0,1.85,4.05,6.25,57,75,110,130,40,75,110,115
Diversispora_tenera,Diversisporales,Diversisporaceae,Diversispora,2,4,5,0,0,0,0,0,0,8,8,8,44,44,130,130,44,44,130,130
Diversispora_trimurales,Diversisporales,Diversisporaceae,Diversispora,2,2,2,0,0,0,0,0,0,2.8,11.65,20.5,60,121,121,130,70,118,118,200
Diversispora_valentina,Diversisporales,Diversisporaceae,Diversispora,0,4,5,0,0,0,0,0,0,5.2,10.3,15.5,22.9,22.9,77.4,77.4,22.9,22.9,77.4,77.4
Diversispora_varaderana,Diversisporales,Diversisporaceae,Diversispora,2,2,2,0,0,0,0,0,0,4.3,7.5,9,60,75,75,90,60,75,75,90
Dominikia_achra,Glomerales,Glomeraceae,Dominikia,0,0,0,0,0,0,0,0,0,2.7,4.2,6.1,22,43,43,55,22,43,43,55
Dominikia_aurea,Glomerales,Glomeraceae,Dominikia,2,5,5,0,0,0,0,0,0,1.6,3.55,5.5,36,55,65,65,30,45,52,52
Dominikia_bernensis,Glomerales,Glomeraceae,Dominikia,2,2,2,0,0,0,0,0,0,2.6,3.3,4,19,25,43,52,19,25,42,46
Dominikia_bonfanteae,Glomerales,Glomeraceae,Dominikia,0,0,0,0,0,0,0,0,0,1.4,2.4,3.4,12,28,28,35,12,28,28,35
Dominikia_compressa,Glomerales,Glomeraceae,Dominikia,2,2,5,0,0,0,0,0,0,3.1,4.8,6.5,50,68,94,103,50,68,94,103
Dominikia_difficilevidera,Glomerales,Glomeraceae,Dominikia,0,0,0,0,0,0,0,0,0,2.5,3.95,5.4,31,36,36,45,31,36,36,45
Dominikia_disticha,Glomerales,Glomeraceae,Dominikia,0,0,0,0,0,0,0,0,0,2.8,4.3,5.8,28,40,40,57,28,40,40,57
Dominikia_duoreactiva,Glomerales,Glomeraceae,Dominikia,2,2,2,0,0,0,0,0,0,3.2,4.7,6.2,30,52,52,70,30,52,52,70
Orientoglomus_emiratium,Glomerales,Glomeraceae,Orientoglomus,4,4,5,0,0,0,0,0,0,5.9,11.5,17.1,40,63,63,87,40,63,63,87
Dominikia_gansuensis,Glomerales,Glomeraceae,Dominikia,2,2,5,0,0,0,0,0,0,1.2,2,3.1,20,47,47,86,20,47,47,86
Dominikia_glomerocarpica,Glomerales,Glomeraceae,Dominikia,1,2,2,0,0,0,0,0,0,3.6,10.2,13,30,39,39,46,30,39,39,46
Dominikia_indica,Glomerales,Glomeraceae,Dominikia,0,0,0,0,0,0,0,0,0,1.8,2.8,5.4,17,32,32,52,17,32,32,52
Dominikia_iranica,Glomerales,Glomeraceae,Dominikia,0,0,2,0,0,0,0,0,0,2.4,4,5.6,13,40,40,56,13,40,40,56
Dominikia_lithuanica,Glomerales,Glomeraceae,Dominikia,0,0,0,0,0,0,0,0,0,3.4,5.15,6.9,22,39,39,52,22,39,39,52
Microdominikia_litorea,Glomerales,Glomeraceae,Microdominikia,0,0,0,0,0,0,0,0,0,1.6,2,2.4,11,25,25,35,11,25,25,35
Dominikia_minuta,Glomerales,Glomeraceae,Dominikia,0,0,0,0,0,0,0,0,0,0.7,1.3,1.9,18,39,39,65,18,39,39,65
Entrophospora_argentinensis,Entrophosporales,Entrophosporaceae,Entrophospora,1,2,2,0,0,0,0,0,0,3.6,12.1,24.5,45,95,95,115,45,95,95,115
Entrophospora_furrazolae,Entrophosporales,Entrophosporaceae,Entrophospora,0,1,2,0,0,0,0,0,0,3.2,8.2,12.8,60,72,72,87,60,72,72,87
Entrophospora_glacialis,Entrophosporales,Entrophosporaceae,Entrophospora,1,2,5,0,0,0,0,0,0,7.2,11.9,19.8,40,91,91,129,40,91,91,129
Entrophospora_infrequens,Entrophosporales,Entrophosporaceae,Entrophospora,1,2,5,2.5,3.75,5,,,,6,10,14,69,69,183,225,69,69,164,164
Epigeocarpum_crypticum,Glomerales,Glomeraceae,Epigeocarpum_crypticum,0,0,2,0,0,0,0,0,0,3.8,10.5,15.5,34,40,40,46,34,40,40,46
Epigeocarpum_japonicum,Glomerales,Glomeraceae,Epigeocarpum_crypticum,0,1,2,0,0,0,0,0,0,7,8.5,10.3,30,38,38,44,30,38,38,44
Funneliformis_badium,Glomerales,Glomeraceae,Funneliformis,4,5,6,0,0,0,0,0,0,5.5,7,14,33,51,90,90,50,75,120,120
Funneliformis_caesaris,Glomerales,Glomeraceae,Funneliformis,2,5,5,0,0,0,0,0,0,9,9.5,10,156,156,212,240,156,156,212,240
Funneliformis_caledonium,Glomerales,Glomeraceae,Funneliformis,2,2,5,0,0,0,0,0,0,7,10.5,14,130,130,279,279,120,120,272,272
Funneliformis_coronatum,Glomerales,Glomeraceae,Funneliformis,2,4,5,0,0,0,0,0,0,4.6,8.05,11.5,173,173,336,336,173,173,336,336
Funneliformis_dimorphicus,Glomerales,Glomeraceae,Funneliformis,2,4,5,0,0,0,0,0,0,5,11,17,90,90,300,300,90,90,300,300
Funneliformis_fragilistratus,Glomerales,Glomeraceae,Funneliformis,2,2,2,0,0,0,0,0,0,14,15.8,17.6,108,146,146,191,108,146,146,191
Funneliformis_geosporus,Glomerales,Glomeraceae,Funneliformis,2,2,5,0,0,0,0,0,0,2,4.5,7,110,110,290,290,110,110,290,290
Funneliformis_halonatus,Glomerales,Glomeraceae,Funneliformis,5,5,5,0.5,0.5,0.5,0.2,0.2,0.2,18,22,27,200,200,280,280,200,200,280,280
Funneliformis_kerguelensis,Glomerales,Glomeraceae,Funneliformis,2,2,2,0,0,0,0,0,0,6.5,8.65,10.8,75,162,153,216,75,162,153,216
Funneliformis_monosporus,Glomerales,Glomeraceae,Funneliformis,5,5,5,0,0,0,0,0,0,4,7,10,140,140,330,330,140,140,330,330
Funneliformis_mosseae,Glomerales,Glomeraceae,Funneliformis,2,2,4,0,0,0,0,0,0,2,4.5,7,105,105,310,310,110,110,305,305
Funneliformis_pilosus,Glomerales,Glomeraceae,Funneliformis,4,4,5,0,0,0,0,0,0,7.2,15.5,24.7,111,111,311,311,111,111,311,311
Funneliformis_verruculosus,Glomerales,Glomeraceae,Funneliformis,2,2,4,0.8,1.25,1.7,0.5,0.6,0.7,5.9,11.1,14.2,150,189,189,265,150,189,189,265
Septoglomus_xanthium,Glomerales,Glomeraceae,Septoglomus,2,2,5,0,0,0,0,0,0,2.1,4.2,6.1,23,50,50,75,23,50,50,75
Funneliglomus_sanmartinensis,Glomerales,Glomeraceae,Funneliglomus,4,5,5,-0.8,-1.7,-2.5,3.9,14.5,20,5.3,9.2,13.1,90,90,148,148,93,93,151,151
Dentiscutata_aurea,Diversisporales,Gigasporaceae,Dentiscutata,2,2,5,1.2,1.5,1.8,0.6,0.8,1.2,0.6,0.8,1.2,36,55,65,65,30,45,52,52
Gigaspora_albida,Diversisporales,Gigasporaceae,Gigaspora,1,2,3,0,0,0,0,0,0,4,8,12,143,143,330,350,143,143,330,350
Gigaspora_candida,Diversisporales,Gigasporaceae,Gigaspora,1,1,1,0,0,0,0,0,0,7,10,14,200,200,300,300,200,200,300,300
Gigaspora_decipiens,Diversisporales,Gigasporaceae,Gigaspora,2,2,4,0,0,0,0,0,0,34,40.5,47,320,320,490,490,320,320,490,490
Gigaspora_gigantea,Diversisporales,Gigasporaceae,Gigaspora,2,3,3,0,0,0,0,0,0,9.7,17.7,27.9,353,353,368,368,345,345,398,398
Gigaspora_margarita,Diversisporales,Gigasporaceae,Gigaspora,0,0,1,0,0,0,0,0,0,5,14.5,24,260,260,480,480,260,260,480,480
Gigaspora_ramisporophora,Diversisporales,Gigasporaceae,Gigaspora,2,2,5,0,0,0,0,0,0,6.7,21.5,36.3,96,200,450,567,96,200,450,567
Gigaspora_rosea,Diversisporales,Gigasporaceae,Gigaspora,1,1,5,0,0,0,0,0,0,2.4,4.95,7.5,230,230,305,305,230,230,305,305
Gigaspora_tuberculata,Diversisporales,Gigasporaceae,Gigaspora,4,4,5,1.1,1.4,1.7,0.8,0.9,1,6,6.6,7.5,220,270,300,360,220,270,300,360
Glomus_ambisporum,Glomerales,Glomeraceae,Glomus,5,6,6,0,0,0,0,0,0,6,12.5,19,85,85,157,157,85,85,157,157
Glomus_arborense,Glomerales,Glomeraceae,Glomus,0,0,2,0,0,0,0,0,0,3,3,3,24,24,55,55,50,50,50,50
Glomus_atlanticum,Glomerales,Glomeraceae,Glomus,2,4,5,0,0,0,0,0,0,5.1,9,13.8,36,79,79,139,36,79,79,139
Glomus_atrouva,Glomerales,Glomeraceae,Glomus,5,5,5,0,0,0,0,0,0,14,22,30,100,100,180,200,100,100,180,200
Glomus_australe,Glomerales,Glomeraceae,Glomus,1,1,5,0,0,0,0,0,0,11,15,19,120,160,160,180,120,160,160,180
Redeckera_avelingiae,Diversisporales,Diversisporaceae,Redeckera,2,2,5,0,0,0,0,0,0,2.3,3,3.7,64,64,80,80,64,64,80,80
Glomus_bagyarajii,Glomerales,Glomeraceae,Glomus,2,2,5,0,0,0,0,0,0,6.25,7.175,8.1,36,100.8,100.8,125.2,36,100.8,100.8,125.2
Glomus_bareae,Glomerales,Glomeraceae,Glomus,2,2,2,0,0,0,0,0,0,3.4,4.95,6.5,38,61,61,82,38,61,61,82
Glomus_boreale,Glomerales,Glomeraceae,Glomus,4,5,5,0,0,0,0,0,0,8,8,8,125,125,145,145,100,100,110,110
Glomus_botryoides,Glomerales,Glomeraceae,Glomus,4,5,6,0,0,0,0,0,0,5,6,7,145,145,145,145,250,250,250,250
Glomus_brohultii,Glomerales,Glomeraceae,Glomus,2,5,5,0,0,0,0,0,0,3.6,10.3,17,95,95,130,130,70,70,105,105
Redeckera_canadensis,Diversisporales,Diversisporaceae,Redeckera,0,0,2,0,0,0,0,0,0,4,4,4,100,100,100,100,100,100,100,100
Glomus_canum,Glomerales,Glomeraceae,Glomus,2,2,5,0,0,0,0,0,0,2,6,10,30,30,50,50,30,30,50,50
Glomus_cerebriforme,Glomerales,Glomeraceae,Glomus,0,0,3,0,0,0,0,0,0,2,3,4,25,25,65,80,80,80,80,80
Glomus_chinense,Glomerales,Glomeraceae,Glomus,2,4,5,0,0,0,0,0,0,1.7,5.3,7.9,47,64,64,93,47,64,64,93
Glomus_citricola,Glomerales,Glomeraceae,Glomus,2,4,5,0,0,0,0,0,0,4,7,10,35,35,65,65,60,60,90,90
Glomus_convolutum,Glomerales,Glomeraceae,Glomus,0,2,2,0,0,0,0,0,0,5,8,12,81,81,193,193,67,67,193,193
Glomus_crenatum,Glomerales,Glomeraceae,Glomus,5,5,5,0,0,0,0,0,0,5,9,13,100,100,208,208,100,100,208,208
Glomus_cubense,Glomerales,Glomeraceae,Glomus,0,0,2,0,0,0,0,0,0,1.6,2.15,2.7,20,20,48,48,24,54,82,82
Glomus_cuneatum,Glomerales,Glomeraceae,Glomus,0,5,6,0,0,0,0,0,0,8,10,12,70,70,120,120,180,180,180,180
Glomus_delhiense,Glomerales,Glomeraceae,Glomus,2,5,5,0,0,0,0,0,0,10,11,12,100,100,125,125,100,100,125,125
Glomus_dimorphicum,Glomerales,Glomeraceae,Glomus,2,4,5,0,0,0,0,0,0,5,11,17,90,90,300,300,90,90,300,300
Glomus_flavisporum,Glomerales,Glomeraceae,Glomus,2,5,5,0,0,0,0,0,0,4,7,10,149,149,202,202,95,95,152,152
Glomus_formosanum,Glomerales,Glomeraceae,Glomus,2,4,5,0,0,0,0,0,0,5.5,9,12.5,65,65,117,117,65,65,117,117
Glomus_fuegianum,Glomerales,Glomeraceae,Glomus,4,5,5,0,0,0,0,0,0,9,14.5,20,50,50,85,85,50,50,85,85
Glomus_glomerulatum,Glomerales,Glomeraceae,Glomus,2,2,5,0,0,0,0,0,0,4.5,7,9.5,40,40,70,70,40,40,70,70
Glomus_goaensis,Glomerales,Glomeraceae,Glomus,0,0,2,0,0,0,0,0,0,2,6,10,40,40,150,150,40,40,150,150
Glomus_halonatum,Glomerales,Glomeraceae,Glomus,5,5,5,0,0,0,0,0,0,18,26.5,35,200,200,280,280,200,200,280,280
Glomus_herrerae,Glomerales,Glomeraceae,Glomus,3,4,5,0,0,0,0,0,0,12,21,30,100,100,208,208,100,100,208,208
Glomus_heterosporum,Glomerales,Glomeraceae,Glomus,5,5,5,0,0,0,0,0,0,5,11,17,99,99,206,206,61,61,201,201
Glomus_hoi,Glomerales,Glomeraceae,Glomus,5,5,5,0,0,0,0,0,0,3,6,9,50,80,120,155,45,75,120,140
Glomus_hyderabadensis,Glomerales,Glomeraceae,Glomus,2,4,5,1.1,1.7,2.4,1,,1.5,3.3,4.6,5.9,97,97,136,136,97,97,136,136
Glomus_ibericum,Glomerales,Glomeraceae,Glomus,2,2,2,0,0,0,0,0,0,3.2,9.1,15,57.9,57.9,120.4,120.4,57.9,57.9,120.4,120.4
Paraglomus_lacteum,Paraglomerales,Paraglomeraceae,Paraglomus,1,1,1,0,0,0,0,0,0,3,4,5,150,150,220,220,150,150,220,220
Glomus_macrocarpum,Glomerales,Glomeraceae,Glomus,0,1,6,0,0,0,0,0,0,7,10.5,14,90,120,120,140,70,110,110,130
Glomus_majewskii,Glomerales,Glomeraceae,Glomus,2,2,2,0,0,0,0,0,0,3.4,6.3,10.2,52,60,60,73,52,60,60,73
Glomus_magnicaule,Glomerales,Glomeraceae,Glomus,5,5,5,0,0,0,0,0,0,9,16.5,24,125,125,175,175,125,125,175,175
Glomus_melanosporum,Glomerales,Glomeraceae,Glomus,4,5,6,0,0,0,0,0,0,8,10.5,13,166,166,277,277,129,129,244,244
Rhizoglomus_microaggregatum,Glomerales,Glomeraceae,Rhizoglomus,0,0,2,0,0,0,0,0,0,0.6,2.3,4,15,30,30,50,15,30,30,50
Glomus_microcarpum,Glomerales,Glomeraceae,Glomus,0,2,5,0,0,0,0,0,0,4,5,6,30,40,40,45,30,35,35,40
Glomus_monosporum,Glomerales,Glomeraceae,Glomus,5,5,5,0,0,0,0,0,0,4,10,16,140,140,330,330,140,140,330,330
Glomus_mortonii,Glomerales,Glomeraceae,Glomus,2,2,5,0,0,0,0,0,0,2.2,6.7,13.8,37,125,125,210,44,149,149,275
Glomus_multicaule,Glomerales,Glomeraceae,Glomus,5,5,6,1.2,2.45,3.7,NA,,NA,8.6,21.3,34,149,149,249,249,124,124,162,162
Funneliformis_multiforus,Glomerales,Glomeraceae,Funneliformis,2,2,5,-1.5,-2.1,-2.7,2,,3.2,6.6,10.4,14.2,170,215,215,230,170,215,215,230
Glomus_multisubstensum,Glomerales,Glomeraceae,Glomus,5,5,5,0,0,0,0,0,0,10,12.5,15,100,100,150,150,100,100,150,150
Glomus_mume,Glomerales,Glomeraceae,Glomus,2,5,5,0,0,0,0,0,0,1.5,4,7,30,30,50,50,90,90,165,165
Glomus_nanolumen,Glomerales,Glomeraceae,Glomus,0,2,4,0,0,0,0,0,0,4.5,12.75,21,24,30,30,52,20,34,34,63
Glomus_pallidum,Glomerales,Glomeraceae,Glomus,1,2,4,0,0,0,0,0,0,1,4.5,8,32,32,78,78,28,28,68,68
Glomus_pellucidum,Glomerales,Glomeraceae,Glomus,0,2,5,0,0,0,0,0,0,8.6,11.3,14,60,60,110,110,60,60,110,110
Glomus_radiatum,Glomerales,Glomeraceae,Glomus,2,2,2,0,0,0,0,0,0,4,7,10,60,60,110,120,48,48,75,90
Glomus_reticulatum,Glomerales,Glomeraceae,Glomus,5,6,6,0,0,0,0,0,0,10,12.5,15,130,130,170,170,130,130,170,170
Glomus_segmentatum,Glomerales,Glomeraceae,Glomus,0,0,1,0,0,0,0,0,0,4,6,8,52,52,100,100,40,40,86,86
Glomus_spinosum,Glomerales,Glomeraceae,Glomus,5,6,6,15,15,15,1.5,2.25,3,4,7,10,40,50,70,90,40,50,70,90
Glomus_spinuliferum,Glomerales,Glomeraceae,Glomus,2,4,5,1,2,3,1,1.5,2,7.5,13,18.5,110,120,140,154,110,120,140,154
Glomus_sterilum,Glomerales,Glomeraceae,Glomus,2,4,5,0,0,0,0,0,0,5.4,6.75,8.1,39.6,136.8,136.8,144,39.6,136.8,136.8,144
Glomus_tenebrosum,Glomerales,Glomeraceae,Glomus,2,5,6,0,0,0,0,0,0,13,18,26,200,240,240,270,205,230,230,270
Glomus_tetrastratosum,Glomerales,Glomeraceae,Glomus,2,2,5,0,0,0,0,0,0,8.1,13.6,21.1,55,136,136,240,55,136,136,240
Glomus_trufemii,Glomerales,Glomeraceae,Glomus,2,4,5,0,0,0,0,0,0,7.4,11.45,15.5,72,72,92,92,79,79,105,105
Glomus_versiforme,Glomerales,Glomeraceae,Glomus,2,2,4,0,0,0,0,0,0,4,7.5,11,125,160,160,180,120,140,140,175
Glomus_warcupii,Glomerales,Glomeraceae,Glomus,0,5,5,0,0,0,0,0,0,18,34.5,51,200,200,320,320,200,200,320,320
Halonatospora_pansihalos,Glomerales,Glomeraceae,Halonataspora,2,4,5,0.5,0.75,1,0.6,0.8,1,3.3,9.5,15.7,100,130,155,200,100,130,155,200
Intraornatospora_intraornata,Diversisporales,Gigasporaceae,Instraornatospora,2,2,4,0,0,0,0,0,0,12.2,17.4,22.6,150,150,260,260,150,150,260,260
Kamienskia_bistrata,Glomerales,Glomeraceae,Kamienskia,0,0,0,0,0,0,0,0,0,1.7,2.6,3.5,20,29,29,50,20,29,29,50
Kuklospora_spinosa,Diversisporales,Acaulosporaceae,Kuklospora,0,1,2,2,2.5,3,0.5,0.5,0.5,5,6.25,8.5,100,100,250,250,100,100,250,250
Microkamienskia_divaricata,Glomerales,Glomeraceae,Microkamienskia,0,0,0,0,0,0,0,0,0,1.4,1.9,2.4,10,22,22,29,10,22,22,29
Microkamienskia_perpusilla,Glomerales,Glomeraceae,Microkamienskia,0,0,0,0,0,0,0,0,0,1.5,2.2,2.9,10,24,24,30,10,24,24,30
Microkamienskia_peruviana,Glomerales,Glomeraceae,Microkamienskia,0,0,0,0,0,0,0,0,0,1.2,1.9,2.6,16,16,31,36,13,13,29,35
Nanoglomus_plukenetiae,Glomerales,Glomeraceae,Nanoglomus,0,0,0,0,0,0,0,0,0,1.8,2.5,3.2,20,25,36,45,20,25,36,45
Otospora_bareae,Diversisporales,Diversisporaceae,Otospora,0,0,2,0,0,0,0,0,0,1.8,2.2,2.7,150,150,200,200,150,150,200,200
Pacispora_chimonobambusae,Diversisporales,Pacisporaceae,Pacispora,0,1,1,NA,12,NA,NA,,,6.5,7.5,8.5,110,110,180,180,110,110,180,180
Pacispora_coralloidae,Diversisporales,Pacisporaceae,Pacispora,0,1,2,2,3.5,5,2.5,3,5,7.8,11.15,14.5,110,122,150,165,110,122,150,165
Pacispora_franciscana,Diversisporales,Pacisporaceae,Pacispora,0,1,1,0,0,0,0,0,0,4.1,8.65,13.2,106,120,171,191,106,120,171,191
Pacispora_patagonica,Diversisporales,Pacisporaceae,Pacispora,0,1,2,NA,3,NA,NA,,NA,NA,NA,NA,98,136,136,187,98,136,136,187
Pacispora_robigina,Diversisporales,Pacisporaceae,Pacispora,4,5,5,0,0,0,0,0,0,9.3,13.05,16.8,100,125,155,161,100,125,155,161
Pacispora_scintillans,Diversisporales,Pacisporaceae,Pacispora,0,1,1,1,1.6,2.8,0.7,1.4,2.8,4.2,6.85,9.5,180,180,210,210,180,180,210,210
Archaeospora_spainii_morphA,Archaeosporales,Archaeosporaceae,Archaeospora,1,1,2,NA,0,NA,NA,,NA,12.5,15.45,18.4,52,52,80,80,51,51,77,77
Archaeospora_spainii_morphG,Archaeosporales,Archaeosporaceae,Archaeospora,0,0,0,0,0,0,0,0,0,1.1,1.7,2.3,22,22,33,33,22,22,37,37
Paradentiscutata_bahiana,Diversisporales,Gigasporaceae,Paradentiscutata,4,5,5,0.8,2,2.5,1,2.1-2.5,5,11.2,13.25,15.3,190,190,260,260,190,190,260,260
Paradentiscutata_maritima,Diversisporales,Gigasporaceae,Paradentiscutata,2,4,5,1.5,2,2.5,1.2,1.9,2.6,10.8,15.1,19.4,150,150,260,260,150,150,260,260
Paraglomus_albidum,Glomerales,Glomeraceae,Paraglomus,0,1,2,0,0,0,0,0,0,0.5,4.25,8,85,95,168,198,85,95,168,177
Paraglomus_bolivianum,Paraglomerales,Paraglomeraceae,Paraglomus,2,4,4,0,0,0,0,0,0,6,8.25,10.5,70,70,95,95,70,70,95,95
Paraglomus_brasilianum,Paraglomerales,Paraglomeraceae,Paraglomus,0,0,0,0.1,0.3,0.5,NA,,NA,2.1,3.65,5.2,47.5,60,80,112.5,47.5,60,80,112.5
Paraglomus_laccatum,Paraglomerales,Paraglomeraceae,Paraglomus,0,0,1,0,0,0,0,0,0,6.5,7.65,8.8,50,87,87,103,50,87,87,103
Innospora_majewskii,Paraglomerales,Paraglomeraceae,Innospora,0,0,2,0,0,0,0,0,0,3.5,4.7,5.9,35,63,63,78,35,63,63,78
Paraglomus_occidentale,Paraglomerales,Paraglomeraceae,Paraglomus,0,0,0,0,0,0,0,0,0,3.7,5.8,7.8,59,69,84,92,59,69,84,92
Paraglomus_occultum,Paraglomerales,Paraglomeraceae,Paraglomus,0,1,1,0,0,0,0,0,0,0.7,2.45,4.2,60,72,72,100,60,72,72,100
Paraglomus_pernabucanum,Paraglomerales,Paraglomeraceae,Paraglomus,1,1,2,0.5,0.8,1.1,0.5,0.75,1,2.9,3.5,4.2,66,66,95,95,62,62,75,75
Paraglomus_turpe,Paraglomerales,Paraglomeraceae,Paraglomus,0,0,0,0,0,0,0,0,0,2.2,8,13.8,29,29,48,48,32,32,49,49
Pervetustus_simplex,Paraglomerales,Pervetustaceae,Pervetustus,0,0,0,0,0,0,0,0,0,3.8,6.6,9.6,17,51,51,67,17,51,51,67
Racocetra_alborosea,Diversisporales,Gigasporaceae,Racocetra,0,0,4,0,0,0,0,0,0,5.5,11,16.5,204,204,287,287,204,204,287,287
Racocetra_beninensis,Diversisporales,Gigasporaceae,Racocetra,1,1,1,0.9,2.1,2.8,0.9,,3.8,11.9,15.8,19.7,210,210,320,320,210,210,320,320
Racocetra_castanea,Diversisporales,Gigasporaceae,Racocetra,1,1,5,0,0,0,0,0,0,14,31,42,169,169,369,369,176,176,372,372
Racocetra_coralloidea,Diversisporales,Gigasporaceae,Racocetra,5,5,6,2,2,2,0.5,,6,8,11.5,15,308,308,393,393,324,324,454,454
Racocetra_crispa,Diversisporales,Gigasporaceae,Racocetra,5,6,6,5.2,9.5,18,5,15,41,14.7,20,24.2,339,339,495,495,343,343,509,509
Racocetra_fulgida,Diversisporales,Gigasporaceae,Racocetra,0,1,2,0,0,0,0,0,0,7.5,8.75,10,160,160,240,240,160,160,245,245
Racocetra_gregaria,Diversisporales,Gigasporaceae,Racocetra,4,5,6,3,7.5,12,1,,7,11,13,15,250,250,448,448,250,250,448,448
Racocetra_minuta,Diversisporales,Gigasporaceae,Racocetra,5,5,6,3,3,3,1,1,1,3.5,4.75,6,97,97,180,180,97,97,180,180
Racocetra_persica,Diversisporales,Gigasporaceae,Racocetra,2,4,5,0.25,0.375,0.5,0.5,0.5,0.5,3,7.4,11.8,270,270,354,354,281,281,384,384
Racocetra_tropicana,Diversisporales,Gigasporaceae,Racocetra,2,2,5,0,0,0,0,0,0,6,9.25,12.5,170,190,265,265,170,190,265,265
Racocetra_undulata,Diversisporales,Gigasporaceae,Racocetra,1,2,2,0,0,0,0,0,0,5.8,6.8,7.8,195,195,225,225,195,195,225,225
Racocetra_verrucosa,Diversisporales,Gigasporaceae,Racocetra,1,2,5,0.5,1,1.5,0.5,1,1.5,5.5,11.25,17,220,220,476,476,220,220,476,476
Racocetra_weresubiae,Diversisporales,Gigasporaceae,Racocetra,0,0,4,0,0,0,0,0,0,7.6,16.8,26,125,125,265,265,135,135,414,414
Redeckera_fragilis,Diversisporales,Diversisporaceae,Redeckera,2,5,5,0,0,0,0,0,0,2.5,2.85,3.2,53,53,73,73,49,49,62,62
Redeckera_fulvum,Diversisporales,Diversisporaceae,Redeckera,0,2,5,0,0,0,0,0,0,2,3,4,70,120,120,160,50,50,80,80
Redeckera_megalocarpa,Diversisporales,Diversisporaceae,Redeckera,0,0,2,0,0,0,0,0,0,1.7,2.85,4,56,65,95,115,38,38,57,62
Redeckera_pulvinatum,Diversisporales,Diversisporaceae,Redeckera,0,2,5,0,0,0,0,0,0,2,3.5,5,65,65,82,100,65,65,90,105
Rhizophagus_aggregatus,Glomerales,Glomeraceae,Rhizophagus,0,2,5,0,0,0,0,0,0,1,5.5,10,67.2,87,87,110.4,57.6,72,72,79.2
Rhizophagus_antarcticus,Glomerales,Glomeraceae,Rhizophagus,2,2,5,0,0,0,0,0,0,7.5,9.75,12,50,50,70,70,50,50,70,70
Rhizophagus_arabicus,Glomerales,Glomeraceae,Rhizophagus,0,2,2,0,0,0,0,0,0,2.4,4.2,8,33,65,65,105,33,65,65,105
Rhizophagus_clarus,Glomerales,Glomeraceae,Rhizophagus,0,0,2,5,5,5,NA,,NA,7,19,31,68,190,190,290,68,190,190,290
Rhizophagus_custos,Glomerales,Glomeraceae,Rhizophagus,0,2,2,0,0,0,0,0,0,2,5.7,11,42,42,90,90,42,42,90,90
Rhizophagus_dalpeae,Glomerales,Glomeraceae,Rhizophagus,4,4,5,0,0,0,0,0,0,6.6,8.8,14.3,86,100,100,121,86,100,100,121
Oehlia_diaphana,Glomerales,Glomeraceae,Oehlia,0,1,1,0,0,0,0,0,0,2.2,5.2,7.8,50,90,90,130,50,90,90,130
Rhizophagus_dunensis,Glomerales,Glomeraceae,Rhizophagus,0,0,0,0,0,0,0,0,0,5.5,8.5,14.6,39,99,99,125,39,99,99,125
Rhizophagus_fasciculatus,Glomerales,Glomeraceae,Rhizophagus,0,2,5,0,0,0,0,0,0,4,9,14,75,75,105,105,35,35,100,100
Rhizophagus_intraradices,Glomerales,Glomeraceae,Rhizophagus,0,2,5,0,0,0,0,0,0,3,9,15,40.5,98.5,98.5,190.5,40.5,98.5,98.5,190.5
Rhizophagus_invermaius,Glomerales,Glomeraceae,Rhizophagus,0,5,5,0,0,0,0,0,0,4,5.85,7.7,50,50,75,75,50,50,75,75
Rhizophagus_irregularis,Glomerales,Glomeraceae,Rhizophagus,0,0,2,0,0,0,0,0,0,2.6,5,10.9,60,60,130,130,80,80,240,240
Rhizophagus_litchii,Glomerales,Glomeraceae,Rhizophagus,5,5,6,0,0,0,0,0,0,NA,NA,NA,66.6,66.6,100,100,100,100,158.3,158.3
Rhizophagus_maiae,Glomerales,Glomeraceae,Rhizophagus,2,2,5,0,0,0,0,0,0,7.6,17.5,27.6,63,72,72,82,63,72,72,82
Rhizophagus_manihotis,Glomerales,Glomeraceae,Rhizophagus,0,1,2,0,0,0,0,0,0,10.5,18.25,26,145,170,235,450,145,170,235,450
Rhizophagus_melanus,Glomerales,Glomeraceae,Rhizophagus,5,5,6,0,0,0,0,0,0,10.8,14.6,18.3,137,165,226,285,137,165,226,285
Rhizophagus_marattiacearum,Glomerales,Glomeraceae,Rhizophagus,0,0,2,NA,NA,NA,NA,NA,NA,6,6,6,32,32,45,45,32,32,45,45
Rhizophagus_natalensis,Glomerales,Glomeraceae,Rhizophagus,1,2,2,0,0,0,0,0,0,8.9,13.5,22.8,75,101,101,133,75,101,101,133
Rhizophagus_prolifer,Glomerales,Glomeraceae,Rhizophagus,0,0,0,0,0,0,0,0,0,2.2,4.3,6.5,22,40,66,76,22,40,66,76
Rhizophagus_silesianum,Glomerales,Glomeraceae,Rhizophagus,1,2,2,0,0,0,0,0,0,5.3,7.8,10.6,65,111,111,138,65,111,111,138
Rhizophagus_variabilis,Glomerales,Glomeraceae,Rhizophagus,2,2,5,0,0,0,0,0,0,2.1,5.4,6.7,30,70,185,185,30,65,160,160
Rhizophagus_vesiculifer,Glomerales,Glomeraceae,Rhizophagus,2,2,2,0,0,0,0,0,0,7,11.5,16,65,65,80,80,65,65,70,70
Sacculospora_baltica,Diversisporales,Sacculosporaceae,Sacculospora,2,2,4,0.6,0.7,0.8,NA,,NA,7.3,9.8,12.3,110,177,177,220,110,177,177,220
Sacculospora_felinovii,Diversisporales,Sacculosporaceae,Sacculospora,1,2,4,1.8,2.55,3.3,1,2.5,4,3.6,5.2,7.3,100,171,171,230,100,171,171,230
Sclerocarpum_amazonicum,Glomerales,Glomeraceae,Sclerocarpum,0,0,0,0,0,0,0,0,0,5.6,8.8,10.5,35,48,48,58,35,48,48,58
Sclerocystis_clavispora,Glomerales,Glomeraceae,Sclerocystis,5,5,5,1,1.25,1.5,1,,3,3.9,6.2,8.5,140,140,185,185,20,25,40,50
Sclerocystis_liquidambaris,Glomerales,Glomeraceae,Sclerocystis,5,5,6,0,0,0,0,0,0,2,7,25,27.5,40,65,65,55,72.5,132.5,132.5
Sclerocystis_pubescens,Glomerales,Glomeraceae,Sclerocystis,0,0,2,0,0,0,0,0,0,3,4.5,6,25,31,31,36,25,31,31,36
Sclerocystis_rubiformis,Glomerales,Glomeraceae,Sclerocystis,5,5,6,NA,-0.1,NA,NA,,NA,3,5.3,7.6,40,52,52,70,40,52,52,70
Sclerocystis_sinuosa,Glomerales,Glomeraceae,Sclerocystis,5,5,5,0,0,0,0,0,0,1.3,3.1,4.9,45,45,118,118,30,30,83,83
Scutellospora_alterata,Diversisporales,Gigasporaceae,Scutellospora,1,2,2,0,0,0,0,0,0,7.4,9.9,12.4,155,155,255,255,150,150,225,225
Scutellospora_arenicola,Diversisporales,Gigasporaceae,Scutellospora,0,2,4,0,0,0,0,0,0,7.1,13.55,20,160,240,240,360,120,220,220,310
Scutellospora_armeniaca,Diversisporales,Gigasporaceae,Scutellospora,2,2,5,0,0,0,0,0,0,12.4,19.8,27.2,140,196,196,240,140,196,196,240
Scutellospora_aurigloba,Diversisporales,Gigasporaceae,Scutellospora,0,2,2,0,0,0,0,0,0,7,12,17,323,323,438,438,323,323,469,469
Scutellospora_biornata,Diversisporales,Gigasporaceae,Scutellospora,2,5,5,2,2,2,0.5,1,3,8,11.5,15,120,260,450,493,120,260,450,493
Scutellospora_calospora,Diversisporales,Gigasporaceae,Scutellospora,0,2,3,0,0,0,0,0,0,3,4,5,114,114,285,511,110,110,412,511
Dentiscutata_cerradensis,Diversisporales,Gigasporaceae,Dentiscutata,0,0,1,0.1,0.8,1.5,0.1,,1,13,18.75,24.5,167,230,363,363,167,230,363,363
Scutellospora_crenulata,Diversisporales,Gigasporaceae,Scutellospora,2,5,5,3,4.5,6,3.6,9.8,16,5.3,8.65,12,133,133,136,136,133,133,136,136
Scutellospora_dipapillosa,Diversisporales,Gigasporaceae,Scutellospora,2,4,5,0.5,1,1.5,0.5,0.75,1,7.5,12,16.5,135,135,160,160,135,135,180,180
Scutellospora_dipurpurescens,Diversisporales,Gigasporaceae,Scutellospora,2,2,4,0,0,0,0,0,0,6,20.75,35.5,152,197,197,240,152,197,197,240
Scutellospora_gilmorei,Diversisporales,Gigasporaceae,Scutellospora,0,0,0,0,0,0,0,0,0,18.4,18.4,18.4,204,204,320,320,204,204,320,320
Scutellospora_hawaiiensis,Diversisporales,Gigasporaceae,Scutellospora,2,4,5,0,0,0,0,0,0,10.3,14.1,17.9,200,240,240,360,180,230,230,290
Dentiscutata_nigra,Diversisporales,Gigasporaceae,Dentiscutata,5,6,6,NA,-0.1,NA,7,8.5,10,7,8.5,10,297,297,500,1050,297,297,500,1050
Scutellospora_nodosa,Diversisporales,Gigasporaceae,Scutellospora,0,2,2,3.5,5,6.5,7,8.75,10.5,13.4,20.55,27.7,160,243,243,270,160,243,243,270
Scutellospora_ovalis,Diversisporales,Gigasporaceae,Scutellospora,0,0,2,0,0,0,0,0,0,12.7,15.1,17.3,90,90,110,110,175,275,260,260
Scutellospora_pellucida,Diversisporales,Gigasporaceae,Cetraspora,0,0,0,0,0,0,0,0,0,7.8,19.4,31,107,107,183,183,141,141,241,328
Scutellospora_pernambucana,Diversisporales,Gigasporaceae,Scutellospora,2,2,5,0,0,0,0,0,0,7.1,9.8,12.5,110,110,145,145,110,110,145,145
Scutellospora_projecturata,Diversisporales,Gigasporaceae,Scutellospora,2,2,5,NA,3,NA,NA,NA,NA,4.5,5.75,7,102,102,174,174,108,108,181,181
Scutellospora_reticulata,Diversisporales,Gigasporaceae,Scutellospora,2,4,5,NA,NA,NA,0.3,0.9,1.5,9.8,13.25,16.7,208,208,470,470,188,188,340,340
Dentiscutata_reticulata,Diversisporales,Gigasporaceae,Scutellospora,2,4,5,0.5,0.75,1,1,4,7,10,13,16,208,208,470,470,188,188,340,340
Scutellospora_rubra,Diversisporales,Gigasporaceae,Scutellospora,4,4,5,0,0,0,0,0,0,4.7,9.25,13.8,140,140,220,220,140,140,220,220
Dentiscutata_savannicola,Diversisporales,Gigasporaceae,Dentiscutata,0,1,5,0,0,0,0,0,0,9.1,9.1,9.1,288,288,581,581,288,214,364,581
Scutellospora_scutata,Diversisporales,Gigasporaceae,Scutellospora,0,1,5,0,0,0,0,0,0,8.5,21.95,35.4,350,532,532,667,350,530,530,713
Scutellospora_spinosissima,Diversisporales,Gigasporaceae,Scutellospora,2,2,4,2,3,4,NA,,NA,6.6,7.3,8,130,130,228,228,121,121,208,230
Cetraspora_striata,Diversisporales,Gigasporaceae,Cetraspora,2,2,4,0,0,0,0,0,0,7.2,10,12.8,130,130,184,184,116,116,152,152
Scutellospora_tepuiensis,Diversisporales,Gigasporaceae,Scutellospora,4,4,5,1,2,3,1,3,5,10,11.5,13,159,190,191,219,162,190,191,216
Scutellospora_tricalypta,Diversisporales,Gigasporaceae,Scutellospora,5,5,6,10,10,10,2,2,2,17,17,17,303,303,387,387,303,303,387,387
Scutellospora_trirubiginopa,Diversisporales,Gigasporaceae,Scutellospora,0,0,0,0.5,0.5,0.5,0.5,0.75,1,9,11,13,258,258,268,268,258,258,268,268
Septoglomus_africanum,Glomerales,Glomeraceae,Septoglomus,2,2,5,NA,3,NA,NA,,NA,2.5,4.8,11.3,60,87,87,125,60,87,87,125
Septoglomus_altomontanum,Glomerales,Glomeraceae,Septoglomus,4,5,6,0,0,0,0,0,0,6.5,7.75,9,137,137,175,208,125,125,170,204
Septoglomus_constrictum,Glomerales,Glomeraceae,Septoglomus,5,5,6,0,0,0,0,0,0,7,12,15,150,150,330,330,150,150,330,330
Septoglomus_deserticola,Glomerales,Glomeraceae,Septoglomus,4,5,5,0,0,0,0,0,0,2.3,3.8,6.1,47,54,115,115,38,52,102,102
Septoglomus_furcatum,Glomerales,Glomeraceae,Septoglomus,4,5,5,0,0,0,0,0,0,7.9,11.1,17.1,106,138,138,167,106,138,138,167
Septoglomus_fuscum,Glomerales,Glomeraceae,Septoglomus,2,4,5,0,0,0,0,0,0,3,5.4,9.5,20,47,47,90,20,47,47,90
Septoglomus_jasnowskae,Glomerales,Glomeraceae,Septoglomus,2,2,5,0,0,0,0,0,0,2.1,3.6,7,39,59,59,98,39,59,59,98
Septoglomus_mediterraneum,Glomerales,Glomeraceae,Septoglomus,4,4,6,0,0,0,0,0,0,8.9,20.1,31.3,97.6,97.6,185.2,185.2,97.6,97.6,185.2,185.2
Septoglomus_mexicanum,Glomerales,Glomeraceae,Septoglomus,4,4,4,0,0,0,0,0,0,11.2,14.5,17,154.5,202.8,202.8,228.9,154.5,202.8,202.8,228.9
Septoglomus_nakheelum,Glomerales,Glomeraceae,Septoglomus,2,4,5,0.8,1.1,1.5,NA,,NA,1.8,3.1,5.5,25,52,52,70,25,52,52,70
Septoglomus_nigrum,Glomerales,Glomeraceae,Septoglomus,1,5,6,0,0,0,0,0,0,5.7,8.4,11,90,100,155,170,95,105,165,175
Septoglomus_titan,Glomerales,Glomeraceae,Septoglomus,4,5,5,0,0,0,0,0,0,15.3,17.9,25.6,243,265,375,400,243,265,375,400
Septoglomus_turnauae,Glomerales,Glomeraceae,Septoglomus,4,5,5,0,0,0,0,0,0,7.6,14.9,24.2,110,133,133,165,110,133,133,165
Septoglomus_viscosum,Glomerales,Glomeraceae,Septoglomus,0,0,1,0,0,0,0,0,0,2,3,4,44,44,97,97,46,46,94,94
Silvaspora_neocaledonica,Glomerales,Glomeraceae,Silvaspora,0,0,1,0,0,0,0,0,0,3.8,10.5,15.5,34,40,40,46,34,40,40,46
Tricispora_nevadensis,Diversisporales,Diversisporaceae,Tricispora,2,5,5,6,12,16,0.2,2.4,3.6,7.8,11.4,15,90,90,115,115,90,90,115,115
