seqcoast_id,sample_id,isolate,g_spp,order,family,genus,species,treatment,replicate_number,bleach_tube_id,loaded in extraction tube,extraction_date,extracted_by,extraction_volume_uL,trait_vol_mean,trait_shape_median,trait_color_most,trait_investment_mean,trait_orn_height_mean,acaulospora_abund,amplicon,sra_bioproject,sra_biosample,sra_run,fwd_fp_raw,rev_fp_raw,acaulospora_relative_abund,notes
1,SB1,MG101B-12,A_koskei,Diversisporales,Acaulosporaceae,Acaulospora,koskei,unsterile,1,,y,03/05/25,GZ,60,1911053.588,0.718579235,2,0.265427296,0,,16S_V3V4,PRJNA1276452,SAMN49071887,SRR33984208,./data/raw/4949_001_S1_R1_001.fastq.gz,./data/raw/4949_001_S1_R2_001.fastq.gz,,
2,SB2,MG101B-12,A_koskei,Diversisporales,Acaulosporaceae,Acaulospora,koskei,unsterile,2,,y,03/05/25,GZ,60,1911053.588,0.718579235,2,0.265427296,0,,16S_V3V4,PRJNA1276452,SAMN49071888,SRR33984207,./data/raw/4949_002_S2_R1_001.fastq.gz,./data/raw/4949_002_S2_R2_001.fastq.gz,,
3,SB3,MG101B-12,A_koskei,Diversisporales,Acaulosporaceae,Acaulospora,koskei,unsterile,3,,y,03/05/25,GZ,60,1911053.588,0.718579235,2,0.265427296,0,,16S_V3V4,PRJNA1276452,SAMN49071889,SRR33984096,./data/raw/4949_003_S3_R1_001.fastq.gz,./data/raw/4949_003_S3_R2_001.fastq.gz,,
4,SB4,MG101B-12,A_koskei,Diversisporales,Acaulosporaceae,Acaulospora,koskei,sterile,1,1,y,03/05/25,GZ,60,1911053.588,0.718579235,2,0.265427296,0,,16S_V3V4,PRJNA1276452,SAMN49071890,SRR33984062,./data/raw/4949_004_S4_R1_001.fastq.gz,./data/raw/4949_004_S4_R2_001.fastq.gz,,
5,SB5,MG101B-12,A_koskei,Diversisporales,Acaulosporaceae,Acaulospora,koskei,sterile,2,1,y,03/05/25,GZ,60,1911053.588,0.718579235,2,0.265427296,0,,16S_V3V4,PRJNA1276452,SAMN49071891,SRR33984051,./data/raw/4949_005_S5_R1_001.fastq.gz,./data/raw/4949_005_S5_R2_001.fastq.gz,,
6,SB6,MG101B-12,A_koskei,Diversisporales,Acaulosporaceae,Acaulospora,koskei,sterile,3,1,y,03/05/25,GZ,60,1911053.588,0.718579235,2,0.265427296,0,,16S_V3V4,PRJNA1276452,SAMN49071892,SRR33984168,./data/raw/4949_006_S6_R1_001.fastq.gz,./data/raw/4949_006_S6_R2_001.fastq.gz,,
7,SB7,VA105B-16,Ra_verrucosa,Diversisporales,Gigasporaceae,Racocetra,verrucosa,unsterile,1,,y,03/05/25,GZ,60,22529536.57,0.865546218,2,0.203583487,1,,16S_V3V4,PRJNA1276452,SAMN49071893,SRR33984157,./data/raw/4949_007_S7_R1_001.fastq.gz,./data/raw/4949_007_S7_R2_001.fastq.gz,,
8,SB8,VA105B-16,Ra_verrucosa,Diversisporales,Gigasporaceae,Racocetra,verrucosa,unsterile,2,,y,03/05/25,GZ,60,22529536.57,0.865546218,2,0.203583487,1,,16S_V3V4,PRJNA1276452,SAMN49071894,SRR33984146,./data/raw/4949_008_S8_R1_001.fastq.gz,./data/raw/4949_008_S8_R2_001.fastq.gz,,
9,SB9,VA105B-16,Ra_verrucosa,Diversisporales,Gigasporaceae,Racocetra,verrucosa,unsterile,3,,y,03/05/25,GZ,60,22529536.57,0.865546218,2,0.203583487,1,,16S_V3V4,PRJNA1276452,SAMN49071895,SRR33984007,./data/raw/4949_009_S9_R1_001.fastq.gz,./data/raw/4949_009_S9_R2_001.fastq.gz,,
10,SB10,VA105B-16,Ra_verrucosa,Diversisporales,Gigasporaceae,Racocetra,verrucosa,sterile,1,2,y,03/05/25,GZ,60,22529536.57,0.865546218,2,0.203583487,1,,16S_V3V4,PRJNA1276452,SAMN49071896,SRR33983996,./data/raw/4949_010_S10_R1_001.fastq.gz,./data/raw/4949_010_S10_R2_001.fastq.gz,,
11,SB11,VA105B-16,Ra_verrucosa,Diversisporales,Gigasporaceae,Racocetra,verrucosa,sterile,2,2,y,03/05/25,GZ,60,22529536.57,0.865546218,2,0.203583487,1,,16S_V3V4,PRJNA1276452,SAMN49071897,SRR33984206,./data/raw/4949_011_S11_R1_001.fastq.gz,./data/raw/4949_011_S11_R2_001.fastq.gz,,
12,SB12,VA105B-16,Ra_verrucosa,Diversisporales,Gigasporaceae,Racocetra,verrucosa,sterile,3,2,y,03/05/25,GZ,60,22529536.57,0.865546218,2,0.203583487,1,,16S_V3V4,PRJNA1276452,SAMN49071898,SRR33984195,./data/raw/4949_012_S12_R1_001.fastq.gz,./data/raw/4949_012_S12_R2_001.fastq.gz,,
13,SB13,WV222-21,A_morrowiae,Diversisporales,Acaulosporaceae,Acaulospora,morrowiae,unsterile,1,,y,03/05/25,GZ,60,242490.9368,0.797468354,2,0.281580491,0,,16S_V3V4,PRJNA1276452,SAMN49071899,SRR33984184,./data/raw/4949_013_S13_R1_001.fastq.gz,./data/raw/4949_013_S13_R2_001.fastq.gz,,
14,SB14,WV222-21,A_morrowiae,Diversisporales,Acaulosporaceae,Acaulospora,morrowiae,unsterile,2,,y,03/05/25,GZ,60,242490.9368,0.797468354,2,0.281580491,0,,16S_V3V4,PRJNA1276452,SAMN49071900,SRR33984173,./data/raw/4949_014_S14_R1_001.fastq.gz,./data/raw/4949_014_S14_R2_001.fastq.gz,,
15,SB15,WV222-21,A_morrowiae,Diversisporales,Acaulosporaceae,Acaulospora,morrowiae,unsterile,3,,y,03/05/25,GZ,60,242490.9368,0.797468354,2,0.281580491,0,,16S_V3V4,PRJNA1276452,SAMN49071901,SRR33984130,./data/raw/4949_015_S15_R1_001.fastq.gz,./data/raw/4949_015_S15_R2_001.fastq.gz,,
16,SB16,WV222-21,A_morrowiae,Diversisporales,Acaulosporaceae,Acaulospora,morrowiae,sterile,1,3,y,03/05/25,GZ,60,242490.9368,0.797468354,2,0.281580491,0,,16S_V3V4,PRJNA1276452,SAMN49071902,SRR33984119,./data/raw/4949_016_S16_R1_001.fastq.gz,./data/raw/4949_016_S16_R2_001.fastq.gz,,
17,SB17,WV222-21,A_morrowiae,Diversisporales,Acaulosporaceae,Acaulospora,morrowiae,sterile,2,3,y,03/05/25,GZ,60,242490.9368,0.797468354,2,0.281580491,0,,16S_V3V4,PRJNA1276452,SAMN49071903,SRR33984044,./data/raw/4949_017_S17_R1_001.fastq.gz,./data/raw/4949_017_S17_R2_001.fastq.gz,,
18,SB18,WV222-21,A_morrowiae,Diversisporales,Acaulosporaceae,Acaulospora,morrowiae,sterile,3,3,y,03/05/25,GZ,60,242490.9368,0.797468354,2,0.281580491,0,,16S_V3V4,PRJNA1276452,SAMN49071904,SRR33984033,./data/raw/4949_018_S18_R1_001.fastq.gz,./data/raw/4949_018_S18_R2_001.fastq.gz,,
19,SB19,NC104B-26,A_trappei,Archaeosporales,Archaeosporaceae,Archaeospora,trappei,unsterile,1,,y,03/05/25,GZ,60,75375.18534,0.844827586,0,0.193067857,0,,16S_V3V4,PRJNA1276452,SAMN49071905,SRR33984022,./data/raw/4949_019_S19_R1_001.fastq.gz,./data/raw/4949_019_S19_R2_001.fastq.gz,,
20,SB20,NC104B-26,A_trappei,Archaeosporales,Archaeosporaceae,Archaeospora,trappei,unsterile,2,,y,03/05/25,GZ,60,75375.18534,0.844827586,0,0.193067857,0,,16S_V3V4,PRJNA1276452,SAMN49071906,SRR33984107,./data/raw/4949_020_S20_R1_001.fastq.gz,./data/raw/4949_020_S20_R2_001.fastq.gz,,
21,SB21,NC104B-26,A_trappei,Archaeosporales,Archaeosporaceae,Archaeospora,trappei,unsterile,3,,y,03/05/25,GZ,60,75375.18534,0.844827586,0,0.193067857,0,,16S_V3V4,PRJNA1276452,SAMN49071907,SRR33984095,./data/raw/4949_021_S21_R1_001.fastq.gz,./data/raw/4949_021_S21_R2_001.fastq.gz,,
22,SB22,NC104B-26,A_trappei,Archaeosporales,Archaeosporaceae,Archaeospora,trappei,sterile,1,4,y,03/05/25,GZ,60,75375.18534,0.844827586,0,0.193067857,0,,16S_V3V4,PRJNA1276452,SAMN49071908,SRR33984084,./data/raw/4949_022_S22_R1_001.fastq.gz,./data/raw/4949_022_S22_R2_001.fastq.gz,,
23,SB23,NC104B-26,A_trappei,Archaeosporales,Archaeosporaceae,Archaeospora,trappei,sterile,2,4,y,03/05/25,GZ,60,75375.18534,0.844827586,0,0.193067857,0,,16S_V3V4,PRJNA1276452,SAMN49071909,SRR33983982,./data/raw/4949_023_S23_R1_001.fastq.gz,./data/raw/4949_023_S23_R2_001.fastq.gz,,
24,SB24,NC104B-26,A_trappei,Archaeosporales,Archaeosporaceae,Archaeospora,trappei,sterile,3,4,y,03/05/25,GZ,60,75375.18534,0.844827586,0,0.193067857,0,,16S_V3V4,PRJNA1276452,SAMN49071910,SRR33983971,./data/raw/4949_024_S24_R1_001.fastq.gz,./data/raw/4949_024_S24_R2_001.fastq.gz,,
25,SB25,MN408A-29,Ce_pellucida,Diversisporales,Gigasporaceae,Cetraspora,pellucida,unsterile,1,,y,03/05/25,GZ,60,2252247.043,0.758865248,0,0.556401683,0,,16S_V3V4,PRJNA1276452,SAMN49071911,SRR33983960,./data/raw/4949_025_S25_R1_001.fastq.gz,./data/raw/4949_025_S25_R2_001.fastq.gz,,temp. mixup w/ CA203-4
26,SB26,MN408A-29,Ce_pellucida,Diversisporales,Gigasporaceae,Cetraspora,pellucida,unsterile,2,,y,03/05/25,GZ,60,2252247.043,0.758865248,0,0.556401683,0,,16S_V3V4,PRJNA1276452,SAMN49071912,SRR33984072,./data/raw/4949_026_S26_R1_001.fastq.gz,./data/raw/4949_026_S26_R2_001.fastq.gz,,temp. mixup w/ CA203-4
27,SB27,MN408A-29,Ce_pellucida,Diversisporales,Gigasporaceae,Cetraspora,pellucida,unsterile,3,,y,03/05/25,GZ,60,2252247.043,0.758865248,0,0.556401683,0,,16S_V3V4,PRJNA1276452,SAMN49071913,SRR33984066,./data/raw/4949_027_S27_R1_001.fastq.gz,./data/raw/4949_027_S27_R2_001.fastq.gz,,temp. mixup w/ CA203-4
28,SB28,CA203-4,E_infrequens,Entrophosporales,Entrophosporaceae,Entrophospora,infrequens,sterile,1,5,y,03/05/25,GZ,60,1118326.678,0.638253968,2,0.465196154,3.75,,16S_V3V4,PRJNA1276452,SAMN49071914,SRR33984065,./data/raw/4949_028_S28_R1_001.fastq.gz,./data/raw/4949_028_S28_R2_001.fastq.gz,,
29,SB29,CA203-4,E_infrequens,Entrophosporales,Entrophosporaceae,Entrophospora,infrequens,sterile,2,5,y,03/05/25,GZ,60,1118326.678,0.638253968,2,0.465196154,3.75,,16S_V3V4,PRJNA1276452,SAMN49071915,SRR33984064,./data/raw/4949_029_S29_R1_001.fastq.gz,./data/raw/4949_029_S29_R2_001.fastq.gz,,
30,SB30,CA203-4,E_infrequens,Entrophosporales,Entrophosporaceae,Entrophospora,infrequens,sterile,3,5,y,03/05/25,GZ,60,1118326.678,0.638253968,2,0.465196154,3.75,,16S_V3V4,PRJNA1276452,SAMN49071916,SRR33984063,./data/raw/4949_030_S30_R1_001.fastq.gz,./data/raw/4949_030_S30_R2_001.fastq.gz,,
31,SB31,CA203-4,E_infrequens,Entrophosporales,Entrophosporaceae,Entrophospora,infrequens,unsterile,1,,y,03/05/25,GZ,60,1118326.678,0.638253968,2,0.465196154,3.75,,16S_V3V4,PRJNA1276452,SAMN49071917,SRR33984061,./data/raw/4949_031_S31_R1_001.fastq.gz,./data/raw/4949_031_S31_R2_001.fastq.gz,,temp. mixup w/ MN410A-29
32,SB32,CA203-4,E_infrequens,Entrophosporales,Entrophosporaceae,Entrophospora,infrequens,unsterile,2,,y,03/05/25,GZ,60,1118326.678,0.638253968,2,0.465196154,3.75,,16S_V3V4,PRJNA1276452,SAMN49071918,SRR33984060,./data/raw/4949_032_S32_R1_001.fastq.gz,./data/raw/4949_032_S32_R2_001.fastq.gz,,temp. mixup w/ MN410A-29
33,SB33,CA203-4,E_infrequens,Entrophosporales,Entrophosporaceae,Entrophospora,infrequens,unsterile,3,,y,03/05/25,GZ,60,1118326.678,0.638253968,2,0.465196154,3.75,,16S_V3V4,PRJNA1276452,SAMN49071919,SRR33984059,./data/raw/4949_033_S33_R1_001.fastq.gz,./data/raw/4949_033_S33_R2_001.fastq.gz,,temp. mixup w/ MN410A-29
34,SB34,MN408A-29,Ce_pellucida,Diversisporales,Gigasporaceae,Cetraspora,pellucida,sterile,1,6,y,03/05/25,GZ,60,2252247.043,0.758865248,0,0.556401683,0,,16S_V3V4,PRJNA1276452,SAMN49071920,SRR33984058,./data/raw/4949_034_S34_R1_001.fastq.gz,./data/raw/4949_034_S34_R2_001.fastq.gz,,
35,SB35,MN408A-29,Ce_pellucida,Diversisporales,Gigasporaceae,Cetraspora,pellucida,sterile,2,6,y,03/05/25,GZ,60,2252247.043,0.758865248,0,0.556401683,0,,16S_V3V4,PRJNA1276452,SAMN49071921,SRR33984057,./data/raw/4949_035_S35_R1_001.fastq.gz,./data/raw/4949_035_S35_R2_001.fastq.gz,,
36,SB36,MN408A-29,Ce_pellucida,Diversisporales,Gigasporaceae,Cetraspora,pellucida,sterile,3,6,y,03/05/25,GZ,60,2252247.043,0.758865248,0,0.556401683,0,,16S_V3V4,PRJNA1276452,SAMN49071922,SRR33984056,./data/raw/4949_036_S36_R1_001.fastq.gz,./data/raw/4949_036_S36_R2_001.fastq.gz,,
37,SB37,HA150A-15,Ra_verrucosa,Diversisporales,Gigasporaceae,Racocetra,verrucosa,unsterile,1,,y,03/05/25,GZ,60,22529536.57,0.865546218,2,0.203583487,1,,16S_V3V4,PRJNA1276452,SAMN49071923,SRR33984055,./data/raw/4949_037_S37_R1_001.fastq.gz,./data/raw/4949_037_S37_R2_001.fastq.gz,,
38,SB38,HA150A-15,Ra_verrucosa,Diversisporales,Gigasporaceae,Racocetra,verrucosa,unsterile,2,,y,03/05/25,GZ,60,22529536.57,0.865546218,2,0.203583487,1,,16S_V3V4,PRJNA1276452,SAMN49071924,SRR33984054,./data/raw/4949_038_S38_R1_001.fastq.gz,./data/raw/4949_038_S38_R2_001.fastq.gz,,
39,SB39,HA150A-15,Ra_verrucosa,Diversisporales,Gigasporaceae,Racocetra,verrucosa,unsterile,3,,y,03/05/25,GZ,60,22529536.57,0.865546218,2,0.203583487,1,,16S_V3V4,PRJNA1276452,SAMN49071925,SRR33984053,./data/raw/4949_039_S39_R1_001.fastq.gz,./data/raw/4949_039_S39_R2_001.fastq.gz,,
40,SB40,HA150A-15,Ra_verrucosa,Diversisporales,Gigasporaceae,Racocetra,verrucosa,sterile,1,7,y,03/05/25,GZ,60,22529536.57,0.865546218,2,0.203583487,1,,16S_V3V4,PRJNA1276452,SAMN49071926,SRR33984052,./data/raw/4949_040_S40_R1_001.fastq.gz,./data/raw/4949_040_S40_R2_001.fastq.gz,,
41,SB41,HA150A-15,Ra_verrucosa,Diversisporales,Gigasporaceae,Racocetra,verrucosa,sterile,2,7,y,03/05/25,GZ,60,22529536.57,0.865546218,2,0.203583487,1,,16S_V3V4,PRJNA1276452,SAMN49071927,SRR33984050,./data/raw/4949_041_S41_R1_001.fastq.gz,./data/raw/4949_041_S41_R2_001.fastq.gz,,
42,SB42,HA150A-15,Ra_verrucosa,Diversisporales,Gigasporaceae,Racocetra,verrucosa,sterile,3,7,y,03/05/25,GZ,60,22529536.57,0.865546218,2,0.203583487,1,,16S_V3V4,PRJNA1276452,SAMN49071928,SRR33984049,./data/raw/4949_042_S42_R1_001.fastq.gz,./data/raw/4949_042_S42_R2_001.fastq.gz,,
43,SB43,MN410A-5,Gi_gigantica,Diversisporales,Gigasporaceae,Gigaspora,gigantea,unsterile,1,,y,03/05/25,GZ,60,26188648.49,0.9374125,3,0.267021426,0,,16S_V3V4,PRJNA1276452,SAMN49071929,SRR33984048,./data/raw/4949_043_S43_R1_001.fastq.gz,./data/raw/4949_043_S43_R2_001.fastq.gz,,
44,SB44,MN410A-5,Gi_gigantica,Diversisporales,Gigasporaceae,Gigaspora,gigantea,unsterile,2,,y,03/05/25,GZ,60,26188648.49,0.9374125,3,0.267021426,0,,16S_V3V4,PRJNA1276452,SAMN49071930,SRR33984047,./data/raw/4949_044_S44_R1_001.fastq.gz,./data/raw/4949_044_S44_R2_001.fastq.gz,,
45,SB45,MN410A-5,Gi_gigantica,Diversisporales,Gigasporaceae,Gigaspora,gigantea,unsterile,3,,y,03/05/25,GZ,60,26188648.49,0.9374125,3,0.267021426,0,,16S_V3V4,PRJNA1276452,SAMN49071931,SRR33984046,./data/raw/4949_045_S45_R1_001.fastq.gz,./data/raw/4949_045_S45_R2_001.fastq.gz,,
46,SB46,MN410A-5,Gi_gigantica,Diversisporales,Gigasporaceae,Gigaspora,gigantea,sterile,1,8,y,03/05/25,GZ,60,26188648.49,0.9374125,3,0.267021426,0,,16S_V3V4,PRJNA1276452,SAMN49071932,SRR33984045,./data/raw/4949_046_S46_R1_001.fastq.gz,./data/raw/4949_046_S46_R2_001.fastq.gz,,
47,SB47,MN410A-5,Gi_gigantica,Diversisporales,Gigasporaceae,Gigaspora,gigantea,sterile,2,8,y,03/05/25,GZ,60,26188648.49,0.9374125,3,0.267021426,0,,16S_V3V4,PRJNA1276452,SAMN49071933,SRR33984172,./data/raw/4949_047_S47_R1_001.fastq.gz,./data/raw/4949_047_S47_R2_001.fastq.gz,,
48,SB48,MN410A-5,Gi_gigantica,Diversisporales,Gigasporaceae,Gigaspora,gigantea,sterile,3,8,y,03/05/25,GZ,60,26188648.49,0.9374125,3,0.267021426,0,,16S_V3V4,PRJNA1276452,SAMN49071934,SRR33984171,./data/raw/4949_048_S48_R1_001.fastq.gz,./data/raw/4949_048_S48_R2_001.fastq.gz,,
49,SB49,BEG17-12,Gi_albida,Diversisporales,Gigasporaceae,Gigaspora,albida,unsterile,1,,y,03/05/25,GZ,60,4837443.754,0.716666667,2,0.231764986,0,,16S_V3V4,PRJNA1276452,SAMN49071935,SRR33984170,./data/raw/4949_049_S49_R1_001.fastq.gz,./data/raw/4949_049_S49_R2_001.fastq.gz,,
50,SB50,BEG17-12,Gi_albida,Diversisporales,Gigasporaceae,Gigaspora,albida,unsterile,2,,y,03/05/25,GZ,60,4837443.754,0.716666667,2,0.231764986,0,,16S_V3V4,PRJNA1276452,SAMN49071936,SRR33984169,./data/raw/4949_050_S50_R1_001.fastq.gz,./data/raw/4949_050_S50_R2_001.fastq.gz,,
51,SB51,BEG17-12,Gi_albida,Diversisporales,Gigasporaceae,Gigaspora,albida,unsterile,3,,y,03/05/25,GZ,60,4837443.754,0.716666667,2,0.231764986,0,,16S_V3V4,PRJNA1276452,SAMN49071937,SRR33984167,./data/raw/4949_051_S51_R1_001.fastq.gz,./data/raw/4949_051_S51_R2_001.fastq.gz,,
52,SB52,BEG17-12,Gi_albida,Diversisporales,Gigasporaceae,Gigaspora,albida,sterile,1,9,y,03/05/25,GZ,60,4837443.754,0.716666667,2,0.231764986,0,,16S_V3V4,PRJNA1276452,SAMN49071938,SRR33984166,./data/raw/4949_052_S52_R1_001.fastq.gz,./data/raw/4949_052_S52_R2_001.fastq.gz,,
53,SB53,BEG17-12,Gi_albida,Diversisporales,Gigasporaceae,Gigaspora,albida,sterile,2,9,y,03/05/25,GZ,60,4837443.754,0.716666667,2,0.231764986,0,,16S_V3V4,PRJNA1276452,SAMN49071939,SRR33984165,./data/raw/4949_053_S53_R1_001.fastq.gz,./data/raw/4949_053_S53_R2_001.fastq.gz,,
54,SB54,BEG17-12,Gi_albida,Diversisporales,Gigasporaceae,Gigaspora,albida,sterile,3,9,y,03/05/25,GZ,60,4837443.754,0.716666667,2,0.231764986,0,,16S_V3V4,PRJNA1276452,SAMN49071940,SRR33984164,./data/raw/4949_054_S54_R1_001.fastq.gz,./data/raw/4949_054_S54_R2_001.fastq.gz,,
55,SB55,NV401-14,Gi_gigantica,Diversisporales,Gigasporaceae,Gigaspora,gigantea,unsterile,1,,y,03/05/25,GZ,60,26188648.49,0.9374125,3,0.267021426,0,,16S_V3V4,PRJNA1276452,SAMN49071941,SRR33984163,./data/raw/4949_055_S55_R1_001.fastq.gz,./data/raw/4949_055_S55_R2_001.fastq.gz,,
56,SB56,NV401-14,Gi_gigantica,Diversisporales,Gigasporaceae,Gigaspora,gigantea,unsterile,2,,y,03/05/25,GZ,60,26188648.49,0.9374125,3,0.267021426,0,,16S_V3V4,PRJNA1276452,SAMN49071942,SRR33984162,./data/raw/4949_056_S56_R1_001.fastq.gz,./data/raw/4949_056_S56_R2_001.fastq.gz,,
57,SB57,NV401-14,Gi_gigantica,Diversisporales,Gigasporaceae,Gigaspora,gigantea,unsterile,3,,y,03/05/25,GZ,60,26188648.49,0.9374125,3,0.267021426,0,,16S_V3V4,PRJNA1276452,SAMN49071943,SRR33984161,./data/raw/4949_057_S57_R1_001.fastq.gz,./data/raw/4949_057_S57_R2_001.fastq.gz,,
58,SB58,NV401-14,Gi_gigantica,Diversisporales,Gigasporaceae,Gigaspora,gigantea,sterile,1,10,y,03/05/25,GZ,60,26188648.49,0.9374125,3,0.267021426,0,,16S_V3V4,PRJNA1276452,SAMN49071944,SRR33984160,./data/raw/4949_058_S58_R1_001.fastq.gz,./data/raw/4949_058_S58_R2_001.fastq.gz,,
59,SB59,NV401-14,Gi_gigantica,Diversisporales,Gigasporaceae,Gigaspora,gigantea,sterile,2,10,y,03/05/25,GZ,60,26188648.49,0.9374125,3,0.267021426,0,,16S_V3V4,PRJNA1276452,SAMN49071945,SRR33984159,./data/raw/4949_059_S59_R1_001.fastq.gz,./data/raw/4949_059_S59_R2_001.fastq.gz,,
60,SB60,NV401-14,Gi_gigantica,Diversisporales,Gigasporaceae,Gigaspora,gigantea,sterile,3,10,y,03/05/25,GZ,60,26188648.49,0.9374125,3,0.267021426,0,,16S_V3V4,PRJNA1276452,SAMN49071946,SRR33984158,./data/raw/4949_060_S60_R1_001.fastq.gz,./data/raw/4949_060_S60_R2_001.fastq.gz,,
61,SB61,NC302C-12,F_mosseae,Glomerales,Glomeraceae,Funneliformis,mosseae,unsterile,1,,y,03/05/25,GZ,60,3029478.702,0.680327869,2,0.169341716,0,,16S_V3V4,PRJNA1276452,SAMN49071947,SRR33984156,./data/raw/4949_061_S61_R1_001.fastq.gz,./data/raw/4949_061_S61_R2_001.fastq.gz,,
62,SB62,NC302C-12,F_mosseae,Glomerales,Glomeraceae,Funneliformis,mosseae,unsterile,2,,y,03/05/25,GZ,60,3029478.702,0.680327869,2,0.169341716,0,,16S_V3V4,PRJNA1276452,SAMN49071948,SRR33984155,./data/raw/4949_062_S62_R1_001.fastq.gz,./data/raw/4949_062_S62_R2_001.fastq.gz,,
63,SB63,NC302C-12,F_mosseae,Glomerales,Glomeraceae,Funneliformis,mosseae,unsterile,3,,y,03/05/25,GZ,60,3029478.702,0.680327869,2,0.169341716,0,,16S_V3V4,PRJNA1276452,SAMN49071949,SRR33984154,./data/raw/4949_063_S63_R1_001.fastq.gz,./data/raw/4949_063_S63_R2_001.fastq.gz,,
64,SB64,NC302C-12,F_mosseae,Glomerales,Glomeraceae,Funneliformis,mosseae,sterile,1,11,y,03/05/25,GZ,60,3029478.702,0.680327869,2,0.169341716,0,,16S_V3V4,PRJNA1276452,SAMN49071950,SRR33984153,./data/raw/4949_064_S64_R1_001.fastq.gz,./data/raw/4949_064_S64_R2_001.fastq.gz,,
65,SB65,NC302C-12,F_mosseae,Glomerales,Glomeraceae,Funneliformis,mosseae,sterile,2,11,y,03/05/25,GZ,60,3029478.702,0.680327869,2,0.169341716,0,,16S_V3V4,PRJNA1276452,SAMN49071951,SRR33984152,./data/raw/4949_065_S65_R1_001.fastq.gz,./data/raw/4949_065_S65_R2_001.fastq.gz,,
66,SB66,NC302C-12,F_mosseae,Glomerales,Glomeraceae,Funneliformis,mosseae,sterile,3,11,y,03/05/25,GZ,60,3029478.702,0.680327869,2,0.169341716,0,,16S_V3V4,PRJNA1276452,SAMN49071952,SRR33984151,./data/raw/4949_066_S66_R1_001.fastq.gz,./data/raw/4949_066_S66_R2_001.fastq.gz,,
67,SB67,BR983A-24,A_morrowiae,Diversisporales,Acaulosporaceae,Acaulospora,morrowiae,unsterile,1,,y,03/05/25,GZ,60,242490.9368,0.797468354,2,0.281580491,0,,16S_V3V4,PRJNA1276452,SAMN49071953,SRR33984150,./data/raw/4949_067_S67_R1_001.fastq.gz,./data/raw/4949_067_S67_R2_001.fastq.gz,,
68,SB68,BR983A-24,A_morrowiae,Diversisporales,Acaulosporaceae,Acaulospora,morrowiae,unsterile,2,,y,03/05/25,GZ,60,242490.9368,0.797468354,2,0.281580491,0,,16S_V3V4,PRJNA1276452,SAMN49071954,SRR33984149,./data/raw/4949_068_S68_R1_001.fastq.gz,./data/raw/4949_068_S68_R2_001.fastq.gz,,
69,SB69,BR983A-24,A_morrowiae,Diversisporales,Acaulosporaceae,Acaulospora,morrowiae,unsterile,3,,y,03/05/25,GZ,60,242490.9368,0.797468354,2,0.281580491,0,,16S_V3V4,PRJNA1276452,SAMN49071955,SRR33984148,./data/raw/4949_069_S69_R1_001.fastq.gz,./data/raw/4949_069_S69_R2_001.fastq.gz,,
70,SB70,BR983A-24,A_morrowiae,Diversisporales,Acaulosporaceae,Acaulospora,morrowiae,sterile,1,12,y,03/05/25,GZ,60,242490.9368,0.797468354,2,0.281580491,0,,16S_V3V4,PRJNA1276452,SAMN49071956,SRR33984147,./data/raw/4949_070_S70_R1_001.fastq.gz,./data/raw/4949_070_S70_R2_001.fastq.gz,,
71,SB71,BR983A-24,A_morrowiae,Diversisporales,Acaulosporaceae,Acaulospora,morrowiae,sterile,2,12,y,03/05/25,GZ,60,242490.9368,0.797468354,2,0.281580491,0,,16S_V3V4,PRJNA1276452,SAMN49071957,SRR33984145,./data/raw/4949_071_S71_R1_001.fastq.gz,./data/raw/4949_071_S71_R2_001.fastq.gz,,
72,SB72,BR983A-24,A_morrowiae,Diversisporales,Acaulosporaceae,Acaulospora,morrowiae,sterile,3,12,y,03/05/25,GZ,60,242490.9368,0.797468354,2,0.281580491,0,,16S_V3V4,PRJNA1276452,SAMN49071958,SRR33984144,./data/raw/4949_072_S72_R1_001.fastq.gz,./data/raw/4949_072_S72_R2_001.fastq.gz,,
73,SB73,VA103A-24,Ra_verrucosa,Diversisporales,Gigasporaceae,Racocetra,verrucosa,unsterile,1,,y,03/05/25,GZ,60,22529536.57,0.865546218,2,0.203583487,1,,16S_V3V4,PRJNA1276452,SAMN49071959,SRR33984143,./data/raw/4949_073_S73_R1_001.fastq.gz,./data/raw/4949_073_S73_R2_001.fastq.gz,,
74,SB74,VA103A-24,Ra_verrucosa,Diversisporales,Gigasporaceae,Racocetra,verrucosa,unsterile,2,,y,03/05/25,GZ,60,22529536.57,0.865546218,2,0.203583487,1,,16S_V3V4,PRJNA1276452,SAMN49071960,SRR33984142,./data/raw/4949_074_S74_R1_001.fastq.gz,./data/raw/4949_074_S74_R2_001.fastq.gz,,
75,SB75,VA103A-24,Ra_verrucosa,Diversisporales,Gigasporaceae,Racocetra,verrucosa,unsterile,3,,y,03/05/25,GZ,60,22529536.57,0.865546218,2,0.203583487,1,,16S_V3V4,PRJNA1276452,SAMN49071961,SRR33984141,./data/raw/4949_075_S75_R1_001.fastq.gz,./data/raw/4949_075_S75_R2_001.fastq.gz,,
76,SB76,VA103A-24,Ra_verrucosa,Diversisporales,Gigasporaceae,Racocetra,verrucosa,sterile,1,13,y,03/05/25,GZ,60,22529536.57,0.865546218,2,0.203583487,1,,16S_V3V4,PRJNA1276452,SAMN49071962,SRR33984012,./data/raw/4949_076_S76_R1_001.fastq.gz,./data/raw/4949_076_S76_R2_001.fastq.gz,,
77,SB77,VA103A-24,Ra_verrucosa,Diversisporales,Gigasporaceae,Racocetra,verrucosa,sterile,2,13,y,03/05/25,GZ,60,22529536.57,0.865546218,2,0.203583487,1,,16S_V3V4,PRJNA1276452,SAMN49071963,SRR33984011,./data/raw/4949_077_S77_R1_001.fastq.gz,./data/raw/4949_077_S77_R2_001.fastq.gz,,
78,SB78,VA103A-24,Ra_verrucosa,Diversisporales,Gigasporaceae,Racocetra,verrucosa,sterile,3,13,y,03/05/25,GZ,60,22529536.57,0.865546218,2,0.203583487,1,,16S_V3V4,PRJNA1276452,SAMN49071964,SRR33984010,./data/raw/4949_078_S78_R1_001.fastq.gz,./data/raw/4949_078_S78_R2_001.fastq.gz,,
79,SB79,FL713-8,Gi_albida,Diversisporales,Gigasporaceae,Gigaspora,albida,invam_bulk_soil,1,,y,03/05/25,GZ,60,4837443.754,0.716666667,2,0.231764986,0,,16S_V3V4,PRJNA1276452,SAMN49071965,SRR33984009,./data/raw/4949_079_S79_R1_001.fastq.gz,./data/raw/4949_079_S79_R2_001.fastq.gz,,
80,SB80,VA103A-24,Ra_verrucosa,Diversisporales,Gigasporaceae,Racocetra,verrucosa,invam_bulk_soil,1,,y,03/05/25,GZ,60,22529536.57,0.865546218,2,0.203583487,1,,16S_V3V4,PRJNA1276452,SAMN49071966,SRR33984008,./data/raw/4949_080_S80_R1_001.fastq.gz,./data/raw/4949_080_S80_R2_001.fastq.gz,,
81,SB81,CA203-4,E_infrequens,Entrophosporales,Entrophosporaceae,Entrophospora,infrequens,invam_bulk_soil,1,,y,03/05/25,GZ,60,1118326.678,0.638253968,2,0.465196154,3.75,,16S_V3V4,PRJNA1276452,SAMN49071967,SRR33984006,./data/raw/4949_081_S81_R1_001.fastq.gz,./data/raw/4949_081_S81_R2_001.fastq.gz,,
82,SB82,BEG17-12,Gi_albida,Diversisporales,Gigasporaceae,Gigaspora,albida,invam_bulk_soil,1,,y,03/05/25,GZ,60,4837443.754,0.716666667,2,0.231764986,0,,16S_V3V4,PRJNA1276452,SAMN49071968,SRR33984005,./data/raw/4949_082_S82_R1_001.fastq.gz,./data/raw/4949_082_S82_R2_001.fastq.gz,,
83,SB83,VA105B-16,Ra_verrucosa,Diversisporales,Gigasporaceae,Racocetra,verrucosa,invam_bulk_soil,1,,y,03/05/25,GZ,60,22529536.57,0.865546218,2,0.203583487,1,,16S_V3V4,PRJNA1276452,SAMN49071969,SRR33984004,./data/raw/4949_083_S83_R1_001.fastq.gz,./data/raw/4949_083_S83_R2_001.fastq.gz,,
84,SB84,WV222-21,A_morrowiae,Diversisporales,Acaulosporaceae,Acaulospora,morrowiae,invam_bulk_soil,1,,y,03/05/25,GZ,60,242490.9368,0.797468354,2,0.281580491,0,,16S_V3V4,PRJNA1276452,SAMN49071970,SRR33984003,./data/raw/4949_084_S84_R1_001.fastq.gz,./data/raw/4949_084_S84_R2_001.fastq.gz,,tube of DNA extract in freezer totally empty. Going to rehydrate in case this is due to evaporation
85,SB85,FL979A-12,R_clarus,Glomerales,Glomeraceae,Rhizophagus,clarus,invam_bulk_soil,1,,y,03/05/25,GZ,60,2025688.471,0.678947368,0,0.607050427,5,,16S_V3V4,PRJNA1276452,SAMN49071971,SRR33984002,./data/raw/4949_085_S85_R1_001.fastq.gz,./data/raw/4949_085_S85_R2_001.fastq.gz,,
86,SB86,BR235-10,Gi_albida,Diversisporales,Gigasporaceae,Gigaspora,albida,invam_bulk_soil,1,,y,03/05/25,GZ,60,4837443.754,0.716666667,2,0.231764986,0,,16S_V3V4,PRJNA1276452,SAMN49071972,SRR33984001,./data/raw/4949_086_S86_R1_001.fastq.gz,./data/raw/4949_086_S86_R2_001.fastq.gz,,
87,SB87,NC302C-12,F_mosseae,Glomerales,Glomeraceae,Funneliformis,mosseae,invam_bulk_soil,1,,y,03/05/25,GZ,60,3029478.702,0.680327869,2,0.169341716,0,,16S_V3V4,PRJNA1276452,SAMN49071973,SRR33984000,./data/raw/4949_087_S87_R1_001.fastq.gz,./data/raw/4949_087_S87_R2_001.fastq.gz,,
88,SB88,CL148-15,A_colombiana,Diversisporales,Acaulosporaceae,Acaulospora,colombiana,invam_bulk_soil,1,,y,03/05/25,GZ,60,459230.4874,0.75,2,0.288564442,0,,16S_V3V4,PRJNA1276452,SAMN49071974,SRR33983999,./data/raw/4949_088_S88_R1_001.fastq.gz,./data/raw/4949_088_S88_R2_001.fastq.gz,,
89,SB89,SC705-13,A_koskei,Diversisporales,Acaulosporaceae,Acaulospora,koskei,invam_bulk_soil,1,,y,03/05/25,GZ,60,1911053.588,0.718579235,2,0.265427296,0,,16S_V3V4,PRJNA1276452,SAMN49071975,SRR33983998,./data/raw/4949_089_S89_R1_001.fastq.gz,./data/raw/4949_089_S89_R2_001.fastq.gz,,
90,SB90,NV401-14,Gi_gigantica,Diversisporales,Gigasporaceae,Gigaspora,gigantea,invam_bulk_soil,1,,y,03/05/25,GZ,60,26188648.49,0.9374125,3,0.267021426,0,,16S_V3V4,PRJNA1276452,SAMN49071976,SRR33983997,./data/raw/4949_090_S90_R1_001.fastq.gz,./data/raw/4949_090_S90_R2_001.fastq.gz,,
91,SB91,NE202-29,Sg_constrictum,Glomerales,Glomeraceae,Septoglomus,constrictum,invam_bulk_soil,1,,y,03/05/25,GZ,60,7414944.061,0.863636364,5,0.288930189,0,,16S_V3V4,PRJNA1276452,SAMN49071977,SRR33983995,./data/raw/4949_091_S91_R1_001.fastq.gz,./data/raw/4949_091_S91_R2_001.fastq.gz,,
92,SB92,PE102A-12,A_morrowiae,Diversisporales,Acaulosporaceae,Acaulospora,morrowiae,invam_bulk_soil,1,,y,03/05/25,GZ,60,242490.9368,0.797468354,2,0.281580491,0,,16S_V3V4,PRJNA1276452,SAMN49071978,SRR33983994,./data/raw/4949_092_S92_R1_001.fastq.gz,./data/raw/4949_092_S92_R2_001.fastq.gz,,
93,SB93,MA453B-19,De_erythopus,Diversisporales,Gigasporaceae,Dentiscutata,erythropus,invam_bulk_soil,1,,y,03/05/25,GZ,60,15349401.19,0.569872958,5,0.218671185,0,,16S_V3V4,PRJNA1276452,SAMN49071979,SRR33983993,./data/raw/4949_093_S93_R1_001.fastq.gz,./data/raw/4949_093_S93_R2_001.fastq.gz,,
94,SB94,MN408A-29,Ce_pellucida,Diversisporales,Gigasporaceae,Cetraspora,pellucida,invam_bulk_soil,1,,y,03/05/25,GZ,60,2252247.043,0.758865248,0,0.556401683,0,,16S_V3V4,PRJNA1276452,SAMN49071980,SRR33983992,./data/raw/4949_094_S94_R1_001.fastq.gz,./data/raw/4949_094_S94_R2_001.fastq.gz,,
95,SB95,BR983A-24,A_morrowiae,Diversisporales,Acaulosporaceae,Acaulospora,morrowiae,invam_bulk_soil,1,,y,03/05/25,GZ,60,242490.9368,0.797468354,2,0.281580491,0,,16S_V3V4,PRJNA1276452,SAMN49071981,SRR33983991,./data/raw/4949_095_S97_R1_001.fastq.gz,./data/raw/4949_095_S97_R2_001.fastq.gz,,
96,SB96,MG101B-12,A_koskei,Diversisporales,Acaulosporaceae,Acaulospora,koskei,invam_bulk_soil,1,,y,03/05/25,GZ,60,1911053.588,0.718579235,2,0.265427296,0,,16S_V3V4,PRJNA1276452,SAMN49071982,SRR33983990,./data/raw/4949_096_S98_R1_001.fastq.gz,./data/raw/4949_096_S98_R2_001.fastq.gz,,
97,SB97,NC105A-24,A_spinosa,Diversisporales,Acaulosporaceae,Acaulospora,spinosa,invam_bulk_soil,1,,y,04/10/25,PMCM,60,5074884.485,0.741791045,4,0.27482456,2.5,,16S_V3V4,PRJNA1276452,SAMN49071983,SRR33983989,./data/raw/4949_097_S99_R1_001.fastq.gz,./data/raw/4949_097_S99_R2_001.fastq.gz,,
98,SB98,MN410A-5,Gi_gigantea,Diversisporales,Gigasporaceae,Gigaspora,gigantea,invam_bulk_soil,1,,y,04/10/25,PMCM,60,26188648.49,0.9374125,3,0.267021426,0,,16S_V3V4,PRJNA1276452,SAMN49071984,SRR33983988,./data/raw/4949_098_S100_R1_001.fastq.gz,./data/raw/4949_098_S100_R2_001.fastq.gz,,
99,SB99,FL736A-12,A_elegans,Diversisporales,Acaulosporaceae,Acaulospora,elegans,invam_bulk_soil,1,,y,04/10/25,PMCM,60,5070998.237,0.872807018,5,0.630420724,2,,16S_V3V4,PRJNA1276452,SAMN49071985,SRR33983987,./data/raw/4949_099_S101_R1_001.fastq.gz,./data/raw/4949_099_S101_R2_001.fastq.gz,,
100,SB100,BR235-10,Gi_albida,Diversisporales,Gigasporaceae,Gigaspora,albida,unsterile,1,,y,04/10/25,PMCM,60,4837443.754,0.716666667,2,0.231764986,0,,16S_V3V4,PRJNA1276452,SAMN49071986,SRR33983986,./data/raw/4949_100_S102_R1_001.fastq.gz,./data/raw/4949_100_S102_R2_001.fastq.gz,,
101,SB101,BR235-10,Gi_albida,Diversisporales,Gigasporaceae,Gigaspora,albida,unsterile,2,,y,04/10/25,PMCM,60,4837443.754,0.716666667,2,0.231764986,0,,16S_V3V4,PRJNA1276452,SAMN49071987,SRR33984205,./data/raw/4949_101_S103_R1_001.fastq.gz,./data/raw/4949_101_S103_R2_001.fastq.gz,,
102,SB102,BR235-10,Gi_albida,Diversisporales,Gigasporaceae,Gigaspora,albida,unsterile,3,,y,04/10/25,PMCM,60,4837443.754,0.716666667,2,0.231764986,0,,16S_V3V4,PRJNA1276452,SAMN49071988,SRR33984204,./data/raw/4949_102_S104_R1_001.fastq.gz,./data/raw/4949_102_S104_R2_001.fastq.gz,,
103,SB103,BR235-10,Gi_albida,Diversisporales,Gigasporaceae,Gigaspora,albida,sterile,1,14,y,04/10/25,PMCM,60,4837443.754,0.716666667,2,0.231764986,0,,16S_V3V4,PRJNA1276452,SAMN49071989,SRR33984203,./data/raw/4949_103_S105_R1_001.fastq.gz,./data/raw/4949_103_S105_R2_001.fastq.gz,,
104,SB104,BR235-10,Gi_albida,Diversisporales,Gigasporaceae,Gigaspora,albida,sterile,2,14,y,04/10/25,PMCM,60,4837443.754,0.716666667,2,0.231764986,0,,16S_V3V4,PRJNA1276452,SAMN49071990,SRR33984202,./data/raw/4949_104_S106_R1_001.fastq.gz,./data/raw/4949_104_S106_R2_001.fastq.gz,,
105,SB105,BR235-10,Gi_albida,Diversisporales,Gigasporaceae,Gigaspora,albida,sterile,3,14,y,04/10/25,PMCM,60,4837443.754,0.716666667,2,0.231764986,0,,16S_V3V4,PRJNA1276452,SAMN49071991,SRR33984201,./data/raw/4949_105_S107_R1_001.fastq.gz,./data/raw/4949_105_S107_R2_001.fastq.gz,,
106,SB106,NC104B-26,A_trappei,Archaeosporales,Archaeosporaceae,Archaeospora,trappei,invam_bulk_soil,1,,y,04/10/25,PMCM,60,75375.18534,0.844827586,0,0.193067857,0,,16S_V3V4,PRJNA1276452,SAMN49071992,SRR33984200,./data/raw/4949_106_S108_R1_001.fastq.gz,./data/raw/4949_106_S108_R2_001.fastq.gz,,
107,SB107,AV102-9,Gi_decipiens,Diversisporales,Gigasporaceae,Gigaspora,decipiens,invam_bulk_soil,1,,y,04/10/25,PMCM,60,33935080.24,0.913265306,2,0.505469989,0,,16S_V3V4,PRJNA1276452,SAMN49071993,SRR33984199,./data/raw/4949_107_S109_R1_001.fastq.gz,./data/raw/4949_107_S109_R2_001.fastq.gz,,
108,SB108,SC707-24,De_heterogama,Diversisporales,Gigasporaceae,Dentiscutata,heterogama,invam_bulk_soil,1,,y,04/10/25,PMCM,60,1651765.38,0.877358491,5,0.304963253,0.75,,16S_V3V4,PRJNA1276452,SAMN49071994,SRR33984198,./data/raw/4949_108_S110_R1_001.fastq.gz,./data/raw/4949_108_S110_R2_001.fastq.gz,,
109,SB109,WV220-22,A_morrowiae,Diversisporales,Acaulosporaceae,Acaulospora,morrowiae,invam_bulk_soil,1,,y,04/10/25,PMCM,60,242490.9368,0.797468354,2,0.281580491,0,,16S_V3V4,PRJNA1276452,SAMN49071995,SRR33984197,./data/raw/4949_109_S111_R1_001.fastq.gz,./data/raw/4949_109_S111_R2_001.fastq.gz,,
110,SB110,HA150-15,Ra_verrucosa,Diversisporales,Gigasporaceae,Racocetra,verrucosa,invam_bulk_soil,1,,y,04/10/25,PMCM,60,22529536.57,0.865546218,2,0.203583487,1,,16S_V3V4,PRJNA1276452,SAMN49071996,SRR33984196,./data/raw/4949_110_S112_R1_001.fastq.gz,./data/raw/4949_110_S112_R2_001.fastq.gz,,
111,SB111,MN408A-28,Ce_pellucida,Diversisporales,Gigasporaceae,Cetraspora,pellucida,invam_bulk_soil,1,,y,04/10/25,PMCM,60,2252247.043,0.758865248,0,0.556401683,0,,16S_V3V4,PRJNA1276452,SAMN49071997,SRR33984194,./data/raw/4949_111_S113_R1_001.fastq.gz,./data/raw/4949_111_S113_R2_001.fastq.gz,,
112,SB112,WV685-22,A_koskei,Diversisporales,Acaulosporaceae,Acaulospora,koskei,invam_bulk_soil,1,,y,04/10/25,PMCM,60,1911053.588,0.718579235,2,0.265427296,0,,16S_V3V4,PRJNA1276452,SAMN49071998,SRR33984193,./data/raw/4949_112_S114_R1_001.fastq.gz,./data/raw/4949_112_S114_R2_001.fastq.gz,,
113,SB113,FL736A-12,A_elegans,Diversisporales,Acaulosporaceae,Acaulospora,elegans,unsterile,1,,y,04/10/25,PMCM,60,5070998.237,0.872807018,5,0.630420724,2,,16S_V3V4,PRJNA1276452,SAMN49071999,SRR33984192,./data/raw/4949_113_S115_R1_001.fastq.gz,./data/raw/4949_113_S115_R2_001.fastq.gz,,
114,SB114,FL736A-12,A_elegans,Diversisporales,Acaulosporaceae,Acaulospora,elegans,unsterile,2,,y,04/10/25,PMCM,60,5070998.237,0.872807018,5,0.630420724,2,,16S_V3V4,PRJNA1276452,SAMN49072000,SRR33984191,./data/raw/4949_114_S116_R1_001.fastq.gz,./data/raw/4949_114_S116_R2_001.fastq.gz,,
115,SB115,FL736A-12,A_elegans,Diversisporales,Acaulosporaceae,Acaulospora,elegans,unsterile,3,,y,04/10/25,PMCM,60,5070998.237,0.872807018,5,0.630420724,2,,16S_V3V4,PRJNA1276452,SAMN49072001,SRR33984190,./data/raw/4949_115_S117_R1_001.fastq.gz,./data/raw/4949_115_S117_R2_001.fastq.gz,,
116,SB116,FL736A-12,A_elegans,Diversisporales,Acaulosporaceae,Acaulospora,elegans,sterile,1,15,y,04/10/25,PMCM,60,5070998.237,0.872807018,5,0.630420724,2,,16S_V3V4,PRJNA1276452,SAMN49072002,SRR33984189,./data/raw/4949_116_S118_R1_001.fastq.gz,./data/raw/4949_116_S118_R2_001.fastq.gz,,
117,SB117,FL736A-12,A_elegans,Diversisporales,Acaulosporaceae,Acaulospora,elegans,sterile,2,15,y,04/10/25,PMCM,60,5070998.237,0.872807018,5,0.630420724,2,,16S_V3V4,PRJNA1276452,SAMN49072003,SRR33984188,./data/raw/4949_117_S119_R1_001.fastq.gz,./data/raw/4949_117_S119_R2_001.fastq.gz,,
118,SB118,FL736A-12,A_elegans,Diversisporales,Acaulosporaceae,Acaulospora,elegans,sterile,3,15,y,04/10/25,PMCM,60,5070998.237,0.872807018,5,0.630420724,2,,16S_V3V4,PRJNA1276452,SAMN49072004,SRR33984187,./data/raw/4949_118_S120_R1_001.fastq.gz,./data/raw/4949_118_S120_R2_001.fastq.gz,,
119,SB119,FL979A-12,R_clarus,Glomerales,Glomeraceae,Rhizophagus,clarus,unsterile,1,,y,04/10/25,PMCM,60,2025688.471,0.678947368,0,0.607050427,5,,16S_V3V4,PRJNA1276452,SAMN49072005,SRR33984186,./data/raw/4949_119_S121_R1_001.fastq.gz,./data/raw/4949_119_S121_R2_001.fastq.gz,,
120,SB120,FL979A-12,R_clarus,Glomerales,Glomeraceae,Rhizophagus,clarus,unsterile,2,,y,04/10/25,PMCM,60,2025688.471,0.678947368,0,0.607050427,5,,16S_V3V4,PRJNA1276452,SAMN49072006,SRR33984185,./data/raw/4949_120_S122_R1_001.fastq.gz,./data/raw/4949_120_S122_R2_001.fastq.gz,,
121,SB121,FL979A-12,R_clarus,Glomerales,Glomeraceae,Rhizophagus,clarus,unsterile,3,,y,04/15/25,CM,60,2025688.471,0.678947368,0,0.607050427,5,,16S_V3V4,PRJNA1276452,SAMN49072007,SRR33984183,./data/raw/4949_121_S123_R1_001.fastq.gz,./data/raw/4949_121_S123_R2_001.fastq.gz,,
122,SB122,FL979A-12,R_clarus,Glomerales,Glomeraceae,Rhizophagus,clarus,sterile,1,16,y,04/15/25,CM,60,2025688.471,0.678947368,0,0.607050427,5,,16S_V3V4,PRJNA1276452,SAMN49072008,SRR33984182,./data/raw/4949_122_S124_R1_001.fastq.gz,./data/raw/4949_122_S124_R2_001.fastq.gz,,
123,SB123,FL979A-12,R_clarus,Glomerales,Glomeraceae,Rhizophagus,clarus,sterile,2,16,y,04/15/25,CM,60,2025688.471,0.678947368,0,0.607050427,5,,16S_V3V4,PRJNA1276452,SAMN49072009,SRR33984181,./data/raw/4949_123_S125_R1_001.fastq.gz,./data/raw/4949_123_S125_R2_001.fastq.gz,,
124,SB124,FL979A-12,R_clarus,Glomerales,Glomeraceae,Rhizophagus,clarus,sterile,3,16,y,04/15/25,CM,60,2025688.471,0.678947368,0,0.607050427,5,,16S_V3V4,PRJNA1276452,SAMN49072010,SRR33984180,./data/raw/4949_124_S126_R1_001.fastq.gz,./data/raw/4949_124_S126_R2_001.fastq.gz,,
125,SB125,MN408A-28,Ce_pellucida,Diversisporales,Gigasporaceae,Cetraspora,pellucida,unsterile,1,,y,04/15/25,CM,60,2252247.043,0.758865248,0,0.556401683,0,,16S_V3V4,PRJNA1276452,SAMN49072011,SRR33984179,./data/raw/4949_125_S127_R1_001.fastq.gz,./data/raw/4949_125_S127_R2_001.fastq.gz,,
126,SB126,MN408A-28,Ce_pellucida,Diversisporales,Gigasporaceae,Cetraspora,pellucida,unsterile,2,,y,04/15/25,CM,60,2252247.043,0.758865248,0,0.556401683,0,,16S_V3V4,PRJNA1276452,SAMN49072012,SRR33984178,./data/raw/4949_126_S128_R1_001.fastq.gz,./data/raw/4949_126_S128_R2_001.fastq.gz,,
127,SB127,MN408A-28,Ce_pellucida,Diversisporales,Gigasporaceae,Cetraspora,pellucida,unsterile,3,,y,04/15/25,CM,60,2252247.043,0.758865248,0,0.556401683,0,,16S_V3V4,PRJNA1276452,SAMN49072013,SRR33984177,./data/raw/4949_127_S129_R1_001.fastq.gz,./data/raw/4949_127_S129_R2_001.fastq.gz,,
128,SB128,MN408A-28,Ce_pellucida,Diversisporales,Gigasporaceae,Cetraspora,pellucida,sterile,1,17,y,04/15/25,CM,60,2252247.043,0.758865248,0,0.556401683,0,,16S_V3V4,PRJNA1276452,SAMN49072014,SRR33984176,./data/raw/4949_128_S130_R1_001.fastq.gz,./data/raw/4949_128_S130_R2_001.fastq.gz,,
129,SB129,MN408A-28,Ce_pellucida,Diversisporales,Gigasporaceae,Cetraspora,pellucida,sterile,2,17,y,04/15/25,CM,60,2252247.043,0.758865248,0,0.556401683,0,,16S_V3V4,PRJNA1276452,SAMN49072015,SRR33984175,./data/raw/4949_129_S131_R1_001.fastq.gz,./data/raw/4949_129_S131_R2_001.fastq.gz,,
130,SB130,MN408A-28,Ce_pellucida,Diversisporales,Gigasporaceae,Cetraspora,pellucida,sterile,3,17,y,04/15/25,CM,60,2252247.043,0.758865248,0,0.556401683,0,,16S_V3V4,PRJNA1276452,SAMN49072016,SRR33984174,./data/raw/4949_130_S132_R1_001.fastq.gz,./data/raw/4949_130_S132_R2_001.fastq.gz,,
131,SB131,NC105A-24,A_spinosa,Diversisporales,Acaulosporaceae,Acaulospora,spinosa,unsterile,1,,y,04/15/25,CM,60,5074884.485,0.741791045,4,0.27482456,2.5,,16S_V3V4,PRJNA1276452,SAMN49072017,SRR33984140,./data/raw/4949_131_S133_R1_001.fastq.gz,./data/raw/4949_131_S133_R2_001.fastq.gz,,
132,SB132,NC105A-24,A_spinosa,Diversisporales,Acaulosporaceae,Acaulospora,spinosa,unsterile,2,,y,04/15/25,CM,60,5074884.485,0.741791045,4,0.27482456,2.5,,16S_V3V4,PRJNA1276452,SAMN49072018,SRR33984139,./data/raw/4949_132_S134_R1_001.fastq.gz,./data/raw/4949_132_S134_R2_001.fastq.gz,,
133,SB133,NC105A-24,A_spinosa,Diversisporales,Acaulosporaceae,Acaulospora,spinosa,unsterile,3,,y,04/15/25,CM,60,5074884.485,0.741791045,4,0.27482456,2.5,,16S_V3V4,PRJNA1276452,SAMN49072019,SRR33984138,./data/raw/4949_133_S135_R1_001.fastq.gz,./data/raw/4949_133_S135_R2_001.fastq.gz,,
134,SB134,NC105A-24,A_spinosa,Diversisporales,Acaulosporaceae,Acaulospora,spinosa,sterile,1,18,y,04/15/25,CM,60,5074884.485,0.741791045,4,0.27482456,2.5,,16S_V3V4,PRJNA1276452,SAMN49072020,SRR33984137,./data/raw/4949_134_S136_R1_001.fastq.gz,./data/raw/4949_134_S136_R2_001.fastq.gz,,
135,SB135,NC105A-24,A_spinosa,Diversisporales,Acaulosporaceae,Acaulospora,spinosa,sterile,2,18,y,04/15/25,CM,60,5074884.485,0.741791045,4,0.27482456,2.5,,16S_V3V4,PRJNA1276452,SAMN49072021,SRR33984136,./data/raw/4949_135_S137_R1_001.fastq.gz,./data/raw/4949_135_S137_R2_001.fastq.gz,,
136,SB136,NC105A-24,A_spinosa,Diversisporales,Acaulosporaceae,Acaulospora,spinosa,sterile,3,18,y,04/15/25,CM,60,5074884.485,0.741791045,4,0.27482456,2.5,,16S_V3V4,PRJNA1276452,SAMN49072022,SRR33984135,./data/raw/4949_136_S138_R1_001.fastq.gz,./data/raw/4949_136_S138_R2_001.fastq.gz,,
137,SB137,SpExNegCon1,NA,NA,NA,NA,NA,negative_ctl,1,,y,04/15/25,CM,60,NA,NA,NA,NA,NA,,16S_V3V4,PRJNA1276452,SAMN49072023,SRR33984134,./data/raw/4949_137_S139_R1_001.fastq.gz,./data/raw/4949_137_S139_R2_001.fastq.gz,,Negative spore extraction
138,SB138,83_SSU,NA,NA,NA,NA,NA,NEON,1,,NA,NA,NA,NA,NA,NA,NA,NA,NA,12613,16S_V3V4,PRJNA1276452,SAMN49072024,SRR33984133,./data/raw/4949_138_S140_R1_001.fastq.gz,./data/raw/4949_138_S140_R2_001.fastq.gz,0.011054,NEON Samples with acaulospora
139,SB139,59_SSU,NA,NA,NA,NA,NA,NEON,1,,NA,NA,NA,NA,NA,NA,NA,NA,NA,11425,16S_V3V4,PRJNA1276452,SAMN49072025,SRR33984132,./data/raw/4949_139_S141_R1_001.fastq.gz,./data/raw/4949_139_S141_R2_001.fastq.gz,0.13673,NEON Samples with acaulospora
140,SB140,49_SSU,NA,NA,NA,NA,NA,NEON,1,,NA,NA,NA,NA,NA,NA,NA,NA,NA,3933,16S_V3V4,PRJNA1276452,SAMN49072026,SRR33984131,./data/raw/4949_140_S142_R1_001.fastq.gz,./data/raw/4949_140_S142_R2_001.fastq.gz,0.297819,NEON Samples with acaulospora
141,SB141,47_SSU,NA,NA,NA,NA,NA,NEON,1,,NA,NA,NA,NA,NA,NA,NA,NA,NA,3249,16S_V3V4,PRJNA1276452,SAMN49072027,SRR33984129,./data/raw/4949_141_S143_R1_001.fastq.gz,./data/raw/4949_141_S143_R2_001.fastq.gz,0.025521,NEON Samples with acaulospora
142,SB142,63_SSU,NA,NA,NA,NA,NA,NEON,1,,NA,NA,NA,NA,NA,NA,NA,NA,NA,3125,16S_V3V4,PRJNA1276452,SAMN49072028,SRR33984128,./data/raw/4949_142_S144_R1_001.fastq.gz,./data/raw/4949_142_S144_R2_001.fastq.gz,0.18921,NEON Samples with acaulospora
143,SB143,54_SSU,NA,NA,NA,NA,NA,NEON,1,,NA,NA,NA,NA,NA,NA,NA,NA,NA,2906,16S_V3V4,PRJNA1276452,SAMN49072029,SRR33984127,./data/raw/4949_143_S145_R1_001.fastq.gz,./data/raw/4949_143_S145_R2_001.fastq.gz,0.164538,NEON Samples with acaulospora
144,SB144,29_SSU,NA,NA,NA,NA,NA,NEON,1,,NA,NA,NA,NA,NA,NA,NA,NA,NA,1933,16S_V3V4,PRJNA1276452,SAMN49072030,SRR33984126,./data/raw/4949_144_S146_R1_001.fastq.gz,./data/raw/4949_144_S146_R2_001.fastq.gz,0.137309,NEON Samples with acaulospora
145,SB145,46_SSU,NA,NA,NA,NA,NA,NEON,1,,NA,NA,NA,NA,NA,NA,NA,NA,NA,1832,16S_V3V4,PRJNA1276452,SAMN49072031,SRR33984125,./data/raw/4949_145_S147_R1_001.fastq.gz,./data/raw/4949_145_S147_R2_001.fastq.gz,0.424893,NEON Samples with acaulospora
146,SB146,9_SSU,NA,NA,NA,NA,NA,NEON,1,,NA,NA,NA,NA,NA,NA,NA,NA,NA,1828,16S_V3V4,PRJNA1276452,SAMN49072032,SRR33984124,./data/raw/4949_146_S148_R1_001.fastq.gz,./data/raw/4949_146_S148_R2_001.fastq.gz,0.197927,NEON Samples with acaulospora
147,SB147,17_SSU,NA,NA,NA,NA,NA,NEON,1,,NA,NA,NA,NA,NA,NA,NA,NA,NA,1818,16S_V3V4,PRJNA1276452,SAMN49072033,SRR33984123,./data/raw/4949_147_S149_R1_001.fastq.gz,./data/raw/4949_147_S149_R2_001.fastq.gz,0.158301,NEON Samples with acaulospora
148,SB148,73_SSU,NA,NA,NA,NA,NA,NEON,1,,NA,NA,NA,NA,NA,NA,NA,NA,NA,1472,16S_V3V4,PRJNA1276452,SAMN49072034,SRR33984122,./data/raw/4949_148_S150_R1_001.fastq.gz,./data/raw/4949_148_S150_R2_001.fastq.gz,0.063468,NEON Samples with acaulospora
149,SB149,SSU_SWAN5,NA,NA,NA,NA,NA,NEON,1,,NA,NA,NA,NA,NA,NA,NA,NA,NA,1456,16S_V3V4,PRJNA1276452,SAMN49072035,SRR33984121,./data/raw/4949_149_S151_R1_001.fastq.gz,./data/raw/4949_149_S151_R2_001.fastq.gz,0.47942,NEON Samples with acaulospora
150,SB150,38_SSU,NA,NA,NA,NA,NA,NEON,1,,NA,NA,NA,NA,NA,NA,NA,NA,NA,1333,16S_V3V4,PRJNA1276452,SAMN49072036,SRR33984120,./data/raw/4949_150_S152_R1_001.fastq.gz,./data/raw/4949_150_S152_R2_001.fastq.gz,0.095167,NEON Samples with acaulospora
151,SB151,SSU_SWAN8,NA,NA,NA,NA,NA,NEON,1,,NA,NA,NA,NA,NA,NA,NA,NA,NA,1324,16S_V3V4,PRJNA1276452,SAMN49072037,SRR33984118,./data/raw/4949_151_S153_R1_001.fastq.gz,./data/raw/4949_151_S153_R2_001.fastq.gz,1,NEON Samples with acaulospora
152,SB152,41_SSU,NA,NA,NA,NA,NA,NEON,1,,NA,NA,NA,NA,NA,NA,NA,NA,NA,1101,16S_V3V4,PRJNA1276452,SAMN49072038,SRR33984117,./data/raw/4949_152_S154_R1_001.fastq.gz,./data/raw/4949_152_S154_R2_001.fastq.gz,0.047376,NEON Samples with acaulospora
153,SB153,15_SSU,NA,NA,NA,NA,NA,NEON,1,,NA,NA,NA,NA,NA,NA,NA,NA,NA,957,16S_V3V4,PRJNA1276452,SAMN49072039,SRR33984116,./data/raw/4949_153_S155_R1_001.fastq.gz,./data/raw/4949_153_S155_R2_001.fastq.gz,0.149863,NEON Samples with acaulospora
154,SB154,77_SSU,NA,NA,NA,NA,NA,NEON,1,,NA,NA,NA,NA,NA,NA,NA,NA,NA,701,16S_V3V4,PRJNA1276452,SAMN49072040,SRR33984115,./data/raw/4949_154_S156_R1_001.fastq.gz,./data/raw/4949_154_S156_R2_001.fastq.gz,0.144596,NEON Samples with acaulospora
155,SB155,25_SSU,NA,NA,NA,NA,NA,NEON,1,,NA,NA,NA,NA,NA,NA,NA,NA,NA,627,16S_V3V4,PRJNA1276452,SAMN49072041,SRR33984114,./data/raw/4949_155_S157_R1_001.fastq.gz,./data/raw/4949_155_S157_R2_001.fastq.gz,0.015533,NEON Samples with acaulospora
156,SB156,60_SSU,NA,NA,NA,NA,NA,NEON,1,,NA,NA,NA,NA,NA,NA,NA,NA,NA,546,16S_V3V4,PRJNA1276452,SAMN49072042,SRR33984113,./data/raw/4949_156_S158_R1_001.fastq.gz,./data/raw/4949_156_S158_R2_001.fastq.gz,0.027809,NEON Samples with acaulospora
157,SB157,85_SSU,NA,NA,NA,NA,NA,NEON,1,,NA,NA,NA,NA,NA,NA,NA,NA,NA,529,16S_V3V4,PRJNA1276452,SAMN49072043,SRR33984112,./data/raw/4949_157_S159_R1_001.fastq.gz,./data/raw/4949_157_S159_R2_001.fastq.gz,0.128157,NEON Samples with acaulospora
158,SB158,SSU_SWAN11,NA,NA,NA,NA,NA,NEON,1,,NA,NA,NA,NA,NA,NA,NA,NA,NA,526,16S_V3V4,PRJNA1276452,SAMN49072044,SRR33984111,./data/raw/4949_158_S160_R1_001.fastq.gz,./data/raw/4949_158_S160_R2_001.fastq.gz,0.155211,NEON Samples with acaulospora
159,SB159,90_SSU,NA,NA,NA,NA,NA,NEON,1,,NA,NA,NA,NA,NA,NA,NA,NA,NA,506,16S_V3V4,PRJNA1276452,SAMN49072045,SRR33984110,./data/raw/4949_159_S161_R1_001.fastq.gz,./data/raw/4949_159_S161_R2_001.fastq.gz,0.042596,NEON Samples with acaulospora
160,SB160,57_SSU,NA,NA,NA,NA,NA,NEON,1,,NA,NA,NA,NA,NA,NA,NA,NA,NA,485,16S_V3V4,PRJNA1276452,SAMN49072046,SRR33984109,./data/raw/4949_160_S162_R1_001.fastq.gz,./data/raw/4949_160_S162_R2_001.fastq.gz,0.07253,NEON Samples with acaulospora
161,SB161,SSU_SWAN6,NA,NA,NA,NA,NA,NEON,1,,NA,NA,NA,NA,NA,NA,NA,NA,NA,343,16S_V3V4,PRJNA1276452,SAMN49072047,SRR33984043,./data/raw/4949_161_S163_R1_001.fastq.gz,./data/raw/4949_161_S163_R2_001.fastq.gz,0.757174,NEON Samples with acaulospora
162,SB162,SSU_SWAN10,NA,NA,NA,NA,NA,NEON,1,,NA,NA,NA,NA,NA,NA,NA,NA,NA,334,16S_V3V4,PRJNA1276452,SAMN49072048,SRR33984042,./data/raw/4949_162_S164_R1_001.fastq.gz,./data/raw/4949_162_S164_R2_001.fastq.gz,0.269355,NEON Samples with acaulospora
163,SB163,31_SSU,NA,NA,NA,NA,NA,NEON,1,,NA,NA,NA,NA,NA,NA,NA,NA,NA,324,16S_V3V4,PRJNA1276452,SAMN49072049,SRR33984041,./data/raw/4949_163_S165_R1_001.fastq.gz,./data/raw/4949_163_S165_R2_001.fastq.gz,0.003377,NEON Samples with acaulospora
164,SB164,43_SSU,NA,NA,NA,NA,NA,NEON,1,,NA,NA,NA,NA,NA,NA,NA,NA,NA,272,16S_V3V4,PRJNA1276452,SAMN49072050,SRR33984040,./data/raw/4949_164_S166_R1_001.fastq.gz,./data/raw/4949_164_S166_R2_001.fastq.gz,0.003042,NEON Samples with acaulospora
165,SB165,SC707-24,De_heterogama,Diversisporales,Gigasporaceae,Dentiscutata,heterogama,unsterile,1,,NA,04/15/25,CM,60,1651765.38,0.877358491,5,0.304963253,0.75,,16S_V3V4,PRJNA1276452,SAMN49072051,SRR33984039,./data/raw/4949_165_S167_R1_001.fastq.gz,./data/raw/4949_165_S167_R2_001.fastq.gz,,
166,SB166,SC707-24,De_heterogama,Diversisporales,Gigasporaceae,Dentiscutata,heterogama,unsterile,2,,y,04/15/25,CM,60,1651765.38,0.877358491,5,0.304963253,0.75,,16S_V3V4,PRJNA1276452,SAMN49072052,SRR33984038,./data/raw/4949_166_S168_R1_001.fastq.gz,./data/raw/4949_166_S168_R2_001.fastq.gz,,"spores fell on countertop, scooped up and put into DNA extraction tube"
167,SB167,SC707-24,De_heterogama,Diversisporales,Gigasporaceae,Dentiscutata,heterogama,unsterile,3,,y,04/15/25,CM,60,1651765.38,0.877358491,5,0.304963253,0.75,,16S_V3V4,PRJNA1276452,SAMN49072053,SRR33984037,./data/raw/4949_167_S169_R1_001.fastq.gz,./data/raw/4949_167_S169_R2_001.fastq.gz,,
168,SB168,SC707-24,De_heterogama,Diversisporales,Gigasporaceae,Dentiscutata,heterogama,sterile,1,19,y,04/15/25,CM,60,1651765.38,0.877358491,5,0.304963253,0.75,,16S_V3V4,PRJNA1276452,SAMN49072054,SRR33984036,./data/raw/4949_168_S170_R1_001.fastq.gz,./data/raw/4949_168_S170_R2_001.fastq.gz,,
169,SB169,SC707-24,De_heterogama,Diversisporales,Gigasporaceae,Dentiscutata,heterogama,sterile,2,19,y,04/15/25,CM,60,1651765.38,0.877358491,5,0.304963253,0.75,,16S_V3V4,PRJNA1276452,SAMN49072055,SRR33984035,./data/raw/4949_169_S171_R1_001.fastq.gz,./data/raw/4949_169_S171_R2_001.fastq.gz,,
170,SB170,SC707-24,De_heterogama,Diversisporales,Gigasporaceae,Dentiscutata,heterogama,sterile,3,19,y,04/15/25,CM,60,1651765.38,0.877358491,5,0.304963253,0.75,,16S_V3V4,PRJNA1276452,SAMN49072056,SRR33984034,./data/raw/4949_170_S172_R1_001.fastq.gz,./data/raw/4949_170_S172_R2_001.fastq.gz,,
171,SB171,NE202-29,Sg_constrictum,Glomerales,Glomeraceae,Septoglomus,constrictum,unsterile,1,,y,04/15/25,CM,60,7414944.061,0.863636364,5,0.288930189,0,,16S_V3V4,PRJNA1276452,SAMN49072057,SRR33984032,./data/raw/4949_171_S173_R1_001.fastq.gz,./data/raw/4949_171_S173_R2_001.fastq.gz,,
172,SB172,NE202-29,Sg_constrictum,Glomerales,Glomeraceae,Septoglomus,constrictum,unsterile,2,,y,04/22/25,CM,60,7414944.061,0.863636364,5,0.288930189,0,,16S_V3V4,PRJNA1276452,SAMN49072058,SRR33984031,./data/raw/4949_172_S174_R1_001.fastq.gz,./data/raw/4949_172_S174_R2_001.fastq.gz,,
173,SB173,NE202-29,Sg_constrictum,Glomerales,Glomeraceae,Septoglomus,constrictum,unsterile,3,,y,04/22/25,CM,60,7414944.061,0.863636364,5,0.288930189,0,,16S_V3V4,PRJNA1276452,SAMN49072059,SRR33984030,./data/raw/4949_173_S175_R1_001.fastq.gz,./data/raw/4949_173_S175_R2_001.fastq.gz,,
174,SB174,NE202-29,Sg_constrictum,Glomerales,Glomeraceae,Septoglomus,constrictum,sterile,1,20,y,04/22/25,CM,60,7414944.061,0.863636364,5,0.288930189,0,,16S_V3V4,PRJNA1276452,SAMN49072060,SRR33984029,./data/raw/4949_174_S176_R1_001.fastq.gz,./data/raw/4949_174_S176_R2_001.fastq.gz,,
175,SB175,NE202-29,Sg_constrictum,Glomerales,Glomeraceae,Septoglomus,constrictum,sterile,2,20,y,04/22/25,CM,60,7414944.061,0.863636364,5,0.288930189,0,,16S_V3V4,PRJNA1276452,SAMN49072061,SRR33984028,./data/raw/4949_175_S177_R1_001.fastq.gz,./data/raw/4949_175_S177_R2_001.fastq.gz,,
176,SB176,NE202-29,Sg_constrictum,Glomerales,Glomeraceae,Septoglomus,constrictum,sterile,3,20,y,04/22/25,CM,60,7414944.061,0.863636364,5,0.288930189,0,,16S_V3V4,PRJNA1276452,SAMN49072062,SRR33984027,./data/raw/4949_176_S178_R1_001.fastq.gz,./data/raw/4949_176_S178_R2_001.fastq.gz,,
177,SB177,NA,NA,NA,NA,NA,NA,negative_ctl,2,,NA,NA,NA,NA,NA,NA,NA,NA,NA,,16S_V3V4,PRJNA1276452,SAMN49072063,SRR33984026,./data/raw/4949_177_S179_R1_001.fastq.gz,./data/raw/4949_177_S179_R2_001.fastq.gz,,Ambient lab overnight PM - leaving a powerbead tube open overnight in spEx lab then treating like normal
178,SB178,20_SSU,NA,NA,NA,NA,NA,NEON,1,,NA,NA,NA,NA,NA,NA,NA,NA,NA,238,16S_V3V4,PRJNA1276452,SAMN49072064,SRR33984025,./data/raw/4949_178_S180_R1_001.fastq.gz,./data/raw/4949_178_S180_R2_001.fastq.gz,0.021403,NEON Samples with acaulospora
179,SB179,89_SSU,NA,NA,NA,NA,NA,NEON,1,,NA,NA,NA,NA,NA,NA,NA,NA,NA,150,16S_V3V4,PRJNA1276452,SAMN49072065,SRR33984024,./data/raw/4949_179_S181_R1_001.fastq.gz,./data/raw/4949_179_S181_R2_001.fastq.gz,0.003077,NEON Samples with acaulospora
180,SB180,SSU_SWAN4,NA,NA,NA,NA,NA,NEON,1,,NA,NA,NA,NA,NA,NA,NA,NA,NA,89,16S_V3V4,PRJNA1276452,SAMN49072066,SRR33984023,./data/raw/4949_180_S182_R1_001.fastq.gz,./data/raw/4949_180_S182_R2_001.fastq.gz,0.176938,NEON Samples with acaulospora
181,SB181,SSU_SWAN14,NA,NA,NA,NA,NA,NEON,1,,NA,NA,NA,NA,NA,NA,NA,NA,NA,60,16S_V3V4,PRJNA1276452,SAMN49072067,SRR33984021,./data/raw/4949_181_S183_R1_001.fastq.gz,./data/raw/4949_181_S183_R2_001.fastq.gz,0.053873,NEON Samples with acaulospora
182,SB182,SSU_109,NA,NA,NA,NA,NA,NEON,1,,NA,NA,NA,NA,NA,NA,NA,NA,NA,56,16S_V3V4,PRJNA1276452,SAMN49072068,SRR33984020,./data/raw/4949_182_S184_R1_001.fastq.gz,./data/raw/4949_182_S184_R2_001.fastq.gz,0.949153,NEON Samples with acaulospora
183,SB183,48_SSU,NA,NA,NA,NA,NA,NEON,1,,NA,NA,NA,NA,NA,NA,NA,NA,NA,39,16S_V3V4,PRJNA1276452,SAMN49072069,SRR33984019,./data/raw/4949_183_S185_R1_001.fastq.gz,./data/raw/4949_183_S185_R2_001.fastq.gz,0.00527,NEON Samples with acaulospora
184,SB184,3_SSU,NA,NA,NA,NA,NA,NEON,1,,NA,NA,NA,NA,NA,NA,NA,NA,NA,26,16S_V3V4,PRJNA1276452,NA,NA,NA,NA,0.016089,NEON Samples with acaulospora - not sent to seqcoast?
185,SB185,35_SSU,NA,NA,NA,NA,NA,NEON,1,,NA,NA,NA,NA,NA,NA,NA,NA,NA,24,16S_V3V4,PRJNA1276452,SAMN49072070,SRR33984018,./data/raw/4949_185_S186_R1_001.fastq.gz,./data/raw/4949_185_S186_R2_001.fastq.gz,0.000995,NEON Samples with acaulospora
186,SB186,24_SSU,NA,NA,NA,NA,NA,NEON,1,,NA,NA,NA,NA,NA,NA,NA,NA,NA,12,16S_V3V4,PRJNA1276452,SAMN49072071,SRR33984017,./data/raw/4949_186_S187_R1_001.fastq.gz,./data/raw/4949_186_S187_R2_001.fastq.gz,0.003096,NEON Samples with acaulospora
187,SB187,5_SSU,NA,NA,NA,NA,NA,NEON,1,,NA,NA,NA,NA,NA,NA,NA,NA,NA,10,16S_V3V4,PRJNA1276452,SAMN49072072,SRR33984016,./data/raw/4949_187_S188_R1_001.fastq.gz,./data/raw/4949_187_S188_R2_001.fastq.gz,0.002151,NEON Samples with acaulospora
188,SB188,51_SSU,NA,NA,NA,NA,NA,NEON,1,,NA,NA,NA,NA,NA,NA,NA,NA,NA,10,16S_V3V4,PRJNA1276452,SAMN49072073,SRR33984015,./data/raw/4949_188_S189_R1_001.fastq.gz,./data/raw/4949_188_S189_R2_001.fastq.gz,0.001522,NEON Samples with acaulospora
189,SB189,71_SSU,NA,NA,NA,NA,NA,NEON,1,,NA,NA,NA,NA,NA,NA,NA,NA,NA,7,16S_V3V4,PRJNA1276452,SAMN49072074,SRR33984014,./data/raw/4949_189_S190_R1_001.fastq.gz,./data/raw/4949_189_S190_R2_001.fastq.gz,0.010043,NEON Samples with acaulospora
190,SB190,SSU_SWAN17,NA,NA,NA,NA,NA,NEON,1,,NA,NA,NA,NA,NA,NA,NA,NA,NA,7,16S_V3V4,PRJNA1276452,SAMN49072075,SRR33984013,./data/raw/4949_190_S193_R1_001.fastq.gz,./data/raw/4949_190_S193_R2_001.fastq.gz,0.007726,NEON Samples with acaulospora
191,SB191,084-2-22_SSU,NA,NA,NA,NA,NA,NEON,1,,NA,NA,NA,NA,NA,NA,NA,NA,NA,6,16S_V3V4,PRJNA1276452,SAMN49072076,SRR33984108,./data/raw/4949_191_S194_R1_001.fastq.gz,./data/raw/4949_191_S194_R2_001.fastq.gz,0.000755,NEON Samples with acaulospora
192,SB192,37_SSU,NA,NA,NA,NA,NA,NEON,1,,NA,NA,NA,NA,NA,NA,NA,NA,NA,5,16S_V3V4,PRJNA1276452,SAMN49072077,SRR33984106,./data/raw/4949_192_S195_R1_001.fastq.gz,./data/raw/4949_192_S195_R2_001.fastq.gz,0.000239,NEON Samples with acaulospora
193,SB193,088-2-22_SSU,NA,NA,NA,NA,NA,NEON,1,,NA,NA,NA,NA,NA,NA,NA,NA,NA,4,16S_V3V4,PRJNA1276452,SAMN49072078,SRR33984105,./data/raw/4949_193_S196_R1_001.fastq.gz,./data/raw/4949_193_S196_R2_001.fastq.gz,0.014706,NEON Samples with acaulospora
NA,SB194,23_SSU,NA,NA,NA,NA,NA,NEON,1,,NA,NA,NA,NA,NA,NA,NA,NA,NA,4,16S_V3V4,PRJNA1276452,NA,NA,NA,NA,0.001935,NEON Samples with acaulospora  - not sent to seqcoast?
195,SB195,58_SSU,NA,NA,NA,NA,NA,NEON,1,,NA,NA,NA,NA,NA,NA,NA,NA,NA,4,16S_V3V4,PRJNA1276452,SAMN49072080,SRR33984104,./data/raw/4949_195_S197_R1_001.fastq.gz,./data/raw/4949_195_S197_R2_001.fastq.gz,0.034188,NEON Samples with acaulospora
196,SB196,68_SSU,NA,NA,NA,NA,NA,NEON,1,,NA,NA,NA,NA,NA,NA,NA,NA,NA,4,16S_V3V4,PRJNA1276452,SAMN49072081,SRR33984103,./data/raw/4949_196_S198_R1_001.fastq.gz,./data/raw/4949_196_S198_R2_001.fastq.gz,0.007252,NEON Samples with acaulospora
197,SB197,82_SSU,NA,NA,NA,NA,NA,NEON,1,,NA,NA,NA,NA,NA,NA,NA,NA,NA,4,16S_V3V4,PRJNA1276452,SAMN49072082,SRR33984102,./data/raw/4949_197_S199_R1_001.fastq.gz,./data/raw/4949_197_S199_R2_001.fastq.gz,0.000543,NEON Samples with acaulospora
198,SB198,093-2-22_SSU,NA,NA,NA,NA,NA,NEON,1,,NA,NA,NA,NA,NA,NA,NA,NA,NA,3,16S_V3V4,PRJNA1276452,SAMN49072083,SRR33984101,./data/raw/4949_198_S200_R1_001.fastq.gz,./data/raw/4949_198_S200_R2_001.fastq.gz,0.000177,NEON Samples with acaulospora
199,SB199,cntrSwbNegCon1,NA,NA,NA,NA,NA,negative_ctl,3,,NA,NA,NA,NA,NA,NA,NA,NA,NA,,16S_V3V4,PRJNA1276452,SAMN49072084,SRR33984100,./data/raw/4949_199_S201_R1_001.fastq.gz,./data/raw/4949_199_S201_R2_001.fastq.gz, ,Lab counter swab
200,SB200,61_SSU,NA,NA,NA,NA,NA,NEON,1,,NA,NA,NA,NA,NA,NA,NA,NA,NA,3,16S_V3V4,PRJNA1276452,SAMN49072085,SRR33984099,./data/raw/4949_200_S202_R1_001.fastq.gz,./data/raw/4949_200_S202_R2_001.fastq.gz,0.000049,NEON Samples with acaulospora
NA,SB201,CON10_SSU,NA,NA,NA,NA,NA,NEON,1,,NA,NA,NA,NA,NA,NA,NA,NA,NA,3,16S_V3V4,PRJNA1276452,NA,NA,NA,NA,0.007026,"NEON Samples with acaulospora. Negative control, supposedly  - not sent to seqcoast?"
202,SB202,032-2-22_SSU,NA,NA,NA,NA,NA,NEON,1,,NA,NA,NA,NA,NA,NA,NA,NA,NA,2,16S_V3V4,PRJNA1276452,SAMN49072086,SRR33984098,./data/raw/4949_202_S203_R1_001.fastq.gz,./data/raw/4949_202_S203_R2_001.fastq.gz,0.014388,NEON Samples with acaulospora
203,SB203,094-2-22_SSU,NA,NA,NA,NA,NA,NEON,1,,NA,NA,NA,NA,NA,NA,NA,NA,NA,2,16S_V3V4,PRJNA1276452,SAMN49072087,SRR33984097,./data/raw/4949_203_S204_R1_001.fastq.gz,./data/raw/4949_203_S204_R2_001.fastq.gz,0.000231,NEON Samples with acaulospora
204,SB204,19_SSU,NA,NA,NA,NA,NA,NEON,1,,NA,NA,NA,NA,NA,NA,NA,NA,NA,2,16S_V3V4,PRJNA1276452,SAMN49072088,SRR33984094,./data/raw/4949_204_S205_R1_001.fastq.gz,./data/raw/4949_204_S205_R2_001.fastq.gz,0.022222,NEON Samples with acaulospora
205,SB205,42_SSU,NA,NA,NA,NA,NA,NEON,1,,NA,NA,NA,NA,NA,NA,NA,NA,NA,2,16S_V3V4,PRJNA1276452,SAMN49072089,SRR33984093,./data/raw/4949_205_S206_R1_001.fastq.gz,./data/raw/4949_205_S206_R2_001.fastq.gz,0.002062,NEON Samples with acaulospora
206,SB206,MA453B-19,De_erythopus,Diversisporales,Gigasporaceae,Dentiscutata,erythropus,unsterile,1,,y,04/22/25,CM,60,15349401.19,0.569872958,5,0.218671185,0,,16S_V3V4,PRJNA1276452,SAMN49072090,SRR33984092,./data/raw/4949_206_S207_R1_001.fastq.gz,./data/raw/4949_206_S207_R2_001.fastq.gz,,
207,SB207,MA453B-19,De_erythopus,Diversisporales,Gigasporaceae,Dentiscutata,erythropus,unsterile,2,,y,04/22/25,CM,60,15349401.19,0.569872958,5,0.218671185,0,,16S_V3V4,PRJNA1276452,SAMN49072091,SRR33984091,./data/raw/4949_207_S208_R1_001.fastq.gz,./data/raw/4949_207_S208_R2_001.fastq.gz,,
208,SB208,dnaExNegCon1,NA,NA,NA,NA,NA,negative_ctl,4,,y,04/22/25,CM,60,NA,NA,NA,NA,NA,,16S_V3V4,PRJNA1276452,SAMN49072092,SRR33984090,./data/raw/4949_208_S209_R1_001.fastq.gz,./data/raw/4949_208_S209_R2_001.fastq.gz,,Empty DNA kit extraction PM - left powerbead tube open to ambient DNA extr. lab conditions for ten minutes
209,SB209,MA453B-19,De_erythopus,Diversisporales,Gigasporaceae,Dentiscutata,erythropus,unsterile,3,,y,04/22/25,CM,60,15349401.19,0.569872958,5,0.218671185,0,,16S_V3V4,PRJNA1276452,SAMN49072093,SRR33984089,./data/raw/4949_209_S210_R1_001.fastq.gz,./data/raw/4949_209_S210_R2_001.fastq.gz,,
210,SB210,MA453B-19,De_erythopus,Diversisporales,Gigasporaceae,Dentiscutata,erythropus,sterile,1,21,y,04/22/25,CM,60,15349401.19,0.569872958,5,0.218671185,0,,16S_V3V4,PRJNA1276452,SAMN49072094,SRR33984088,./data/raw/4949_210_S211_R1_001.fastq.gz,./data/raw/4949_210_S211_R2_001.fastq.gz,,
211,SB211,MA453B-19,De_erythopus,Diversisporales,Gigasporaceae,Dentiscutata,erythropus,sterile,2,21,y,04/22/25,CM,60,15349401.19,0.569872958,5,0.218671185,0,,16S_V3V4,PRJNA1276452,SAMN49072095,SRR33984087,./data/raw/4949_211_S212_R1_001.fastq.gz,./data/raw/4949_211_S212_R2_001.fastq.gz,,
212,SB212,MA453B-19,De_erythopus,Diversisporales,Gigasporaceae,Dentiscutata,erythropus,sterile,3,21,y,04/22/25,CM,60,15349401.19,0.569872958,5,0.218671185,0,,16S_V3V4,PRJNA1276452,SAMN49072096,SRR33984086,./data/raw/4949_212_S213_R1_001.fastq.gz,./data/raw/4949_212_S213_R2_001.fastq.gz,,
213,SB213,CL148-15,A_colombiana,Diversisporales,Acaulosporaceae,Acaulospora,colombiana,unsterile,1,,y,04/22/25,CM,60,459230.4874,0.75,2,0.288564442,0,,16S_V3V4,PRJNA1276452,SAMN49072097,SRR33984085,./data/raw/4949_213_S214_R1_001.fastq.gz,./data/raw/4949_213_S214_R2_001.fastq.gz,,
214,SB214,CL148-15,A_colombiana,Diversisporales,Acaulosporaceae,Acaulospora,colombiana,unsterile,2,,y,04/22/25,CM,60,459230.4874,0.75,2,0.288564442,0,,16S_V3V4,PRJNA1276452,SAMN49072098,SRR33984083,./data/raw/4949_214_S215_R1_001.fastq.gz,./data/raw/4949_214_S215_R2_001.fastq.gz,,
215,SB215,CL148-15,A_colombiana,Diversisporales,Acaulosporaceae,Acaulospora,colombiana,unsterile,3,,y,04/22/25,CM,60,459230.4874,0.75,2,0.288564442,0,,16S_V3V4,PRJNA1276452,SAMN49072099,SRR33984082,./data/raw/4949_215_S216_R1_001.fastq.gz,./data/raw/4949_215_S216_R2_001.fastq.gz,,
216,SB216,CL148-15,A_colombiana,Diversisporales,Acaulosporaceae,Acaulospora,colombiana,sterile,1,22,y,04/22/25,CM,60,459230.4874,0.75,2,0.288564442,0,,16S_V3V4,PRJNA1276452,SAMN49072100,SRR33984081,./data/raw/4949_216_S217_R1_001.fastq.gz,./data/raw/4949_216_S217_R2_001.fastq.gz,,
217,SB217,CL148-15,A_colombiana,Diversisporales,Acaulosporaceae,Acaulospora,colombiana,sterile,2,22,y,04/22/25,CM,60,459230.4874,0.75,2,0.288564442,0,,16S_V3V4,PRJNA1276452,SAMN49072101,SRR33984080,./data/raw/4949_217_S218_R1_001.fastq.gz,./data/raw/4949_217_S218_R2_001.fastq.gz,,
218,SB218,CL148-15,A_colombiana,Diversisporales,Acaulosporaceae,Acaulospora,colombiana,sterile,3,22,y,04/22/25,CM,60,459230.4874,0.75,2,0.288564442,0,,16S_V3V4,PRJNA1276452,SAMN49072102,SRR33984079,./data/raw/4949_218_S219_R1_001.fastq.gz,./data/raw/4949_218_S219_R2_001.fastq.gz,,
219,SB219,FL713-8,Gi_albida,Diversisporales,Gigasporaceae,Gigaspora,albida,unsterile,1,,y,04/22/25,CM,60,4837443.754,0.716666667,2,0.231764986,0,,16S_V3V4,PRJNA1276452,SAMN49072103,SRR33984078,./data/raw/4949_219_S220_R1_001.fastq.gz,./data/raw/4949_219_S220_R2_001.fastq.gz,,
220,SB220,FL713-8,Gi_albida,Diversisporales,Gigasporaceae,Gigaspora,albida,unsterile,2,,y,04/22/25,CM,60,4837443.754,0.716666667,2,0.231764986,0,,16S_V3V4,PRJNA1276452,SAMN49072104,SRR33984077,./data/raw/4949_220_S221_R1_001.fastq.gz,./data/raw/4949_220_S221_R2_001.fastq.gz,,
221,SB221,FL713-8,Gi_albida,Diversisporales,Gigasporaceae,Gigaspora,albida,unsterile,3,,y,04/22/25,CM,60,4837443.754,0.716666667,2,0.231764986,0,,16S_V3V4,PRJNA1276452,SAMN49072105,SRR33983985,./data/raw/4949_221_S222_R1_001.fastq.gz,./data/raw/4949_221_S222_R2_001.fastq.gz,,
222,SB222,FL713-8,Gi_albida,Diversisporales,Gigasporaceae,Gigaspora,albida,sterile,1,23,y,04/22/25,CM,60,4837443.754,0.716666667,2,0.231764986,0,,16S_V3V4,PRJNA1276452,SAMN49072106,SRR33983984,./data/raw/4949_222_S223_R1_001.fastq.gz,./data/raw/4949_222_S223_R2_001.fastq.gz,,
223,SB223,spExNegCon2,NA,NA,NA,NA,NA,negative_ctl,5,,y,04/24/25,CM,60,NA,NA,NA,NA,NA,,16S_V3V4,PRJNA1276452,SAMN49072107,SRR33983983,./data/raw/4949_223_S224_R1_001.fastq.gz,./data/raw/4949_223_S224_R2_001.fastq.gz,,Negative spore extraction (replicate from above)
224,SB224,FL713-8,Gi_albida,Diversisporales,Gigasporaceae,Gigaspora,albida,sterile,2,23,y,04/24/25,CM,60,4837443.754,0.716666667,2,0.231764986,0,,16S_V3V4,PRJNA1276452,SAMN49072108,SRR33983981,./data/raw/4949_224_S225_R1_001.fastq.gz,./data/raw/4949_224_S225_R2_001.fastq.gz,,
225,SB225,FL713-8,Gi_albida,Diversisporales,Gigasporaceae,Gigaspora,albida,sterile,3,23,y,04/24/25,CM,60,4837443.754,0.716666667,2,0.231764986,0,,16S_V3V4,PRJNA1276452,SAMN49072109,SRR33983980,./data/raw/4949_225_S226_R1_001.fastq.gz,./data/raw/4949_225_S226_R2_001.fastq.gz,,
226,SB226,SC705-13,A_koskei,Diversisporales,Acaulosporaceae,Acaulospora,koskei,unsterile,1,,y,04/24/25,CM,60,1911053.588,0.718579235,2,0.265427296,0,,16S_V3V4,PRJNA1276452,SAMN49072110,SRR33983979,./data/raw/4949_226_S227_R1_001.fastq.gz,./data/raw/4949_226_S227_R2_001.fastq.gz,,
227,SB227,SC705-13,A_koskei,Diversisporales,Acaulosporaceae,Acaulospora,koskei,unsterile,2,,y,04/24/25,CM,60,1911053.588,0.718579235,2,0.265427296,0,,16S_V3V4,PRJNA1276452,SAMN49072111,SRR33983978,./data/raw/4949_227_S228_R1_001.fastq.gz,./data/raw/4949_227_S228_R2_001.fastq.gz,,
228,SB228,SC705-13,A_koskei,Diversisporales,Acaulosporaceae,Acaulospora,koskei,unsterile,3,,y,04/24/25,CM,60,1911053.588,0.718579235,2,0.265427296,0,,16S_V3V4,PRJNA1276452,SAMN49072112,SRR33983977,./data/raw/4949_228_S229_R1_001.fastq.gz,./data/raw/4949_228_S229_R2_001.fastq.gz,,
229,SB229,SC705-13,A_koskei,Diversisporales,Acaulosporaceae,Acaulospora,koskei,sterile,1,30,y,04/24/25,CM,60,1911053.588,0.718579235,2,0.265427296,0,,16S_V3V4,PRJNA1276452,SAMN49072113,SRR33983976,./data/raw/4949_229_S230_R1_001.fastq.gz,./data/raw/4949_229_S230_R2_001.fastq.gz,,
230,SB230,SC705-13,A_koskei,Diversisporales,Acaulosporaceae,Acaulospora,koskei,sterile,2,30,y,04/24/25,CM,60,1911053.588,0.718579235,2,0.265427296,0,,16S_V3V4,PRJNA1276452,SAMN49072114,SRR33983975,./data/raw/4949_230_S231_R1_001.fastq.gz,./data/raw/4949_230_S231_R2_001.fastq.gz,,
231,SB231,SC705-13,A_koskei,Diversisporales,Acaulosporaceae,Acaulospora,koskei,sterile,3,30,y,04/24/25,CM,60,1911053.588,0.718579235,2,0.265427296,0,,16S_V3V4,PRJNA1276452,SAMN49072115,SRR33983974,./data/raw/4949_231_S232_R1_001.fastq.gz,./data/raw/4949_231_S232_R2_001.fastq.gz,,
232,SB232,PE102A-12,A_morrowiae,Diversisporales,Acaulosporaceae,Acaulospora,morrowiae,unsterile,1,,y,04/24/25,CM,60,242490.9368,0.797468354,2,0.281580491,0,,16S_V3V4,PRJNA1276452,SAMN49072116,SRR33983973,./data/raw/4949_232_S233_R1_001.fastq.gz,./data/raw/4949_232_S233_R2_001.fastq.gz,,
233,SB233,PE102A-12,A_morrowiae,Diversisporales,Acaulosporaceae,Acaulospora,morrowiae,unsterile,2,,y,04/24/25,CM,60,242490.9368,0.797468354,2,0.281580491,0,,16S_V3V4,PRJNA1276452,SAMN49072117,SRR33983972,./data/raw/4949_233_S234_R1_001.fastq.gz,./data/raw/4949_233_S234_R2_001.fastq.gz,,
234,SB234,PE102A-12,A_morrowiae,Diversisporales,Acaulosporaceae,Acaulospora,morrowiae,unsterile,3,,y,04/24/25,CM,60,242490.9368,0.797468354,2,0.281580491,0,,16S_V3V4,PRJNA1276452,SAMN49072118,SRR33983970,./data/raw/4949_234_S235_R1_001.fastq.gz,./data/raw/4949_234_S235_R2_001.fastq.gz,,
235,SB235,PE102A-12,A_morrowiae,Diversisporales,Acaulosporaceae,Acaulospora,morrowiae,sterile,1,25,y,04/24/25,CM,60,242490.9368,0.797468354,2,0.281580491,0,,16S_V3V4,PRJNA1276452,SAMN49072119,SRR33983969,./data/raw/4949_235_S236_R1_001.fastq.gz,./data/raw/4949_235_S236_R2_001.fastq.gz,,
236,SB236,PE102A-12,A_morrowiae,Diversisporales,Acaulosporaceae,Acaulospora,morrowiae,sterile,2,25,y,04/24/25,CM,60,242490.9368,0.797468354,2,0.281580491,0,,16S_V3V4,PRJNA1276452,SAMN49072120,SRR33983968,./data/raw/4949_236_S237_R1_001.fastq.gz,./data/raw/4949_236_S237_R2_001.fastq.gz,,
237,SB237,PE102A-12,A_morrowiae,Diversisporales,Acaulosporaceae,Acaulospora,morrowiae,sterile,3,25,y,04/24/25,CM,60,242490.9368,0.797468354,2,0.281580491,0,,16S_V3V4,PRJNA1276452,SAMN49072121,SRR33983967,./data/raw/4949_237_S238_R1_001.fastq.gz,./data/raw/4949_237_S238_R2_001.fastq.gz,,
238,SB238,AV102-9,Gi_decipiens,Diversisporales,Gigasporaceae,Gigaspora,decipiens,unsterile,1,,y,04/24/25,CM,60,33935080.24,0.913265306,2,0.505469989,0,,16S_V3V4,PRJNA1276452,SAMN49072122,SRR33983966,./data/raw/4949_238_S239_R1_001.fastq.gz,./data/raw/4949_238_S239_R2_001.fastq.gz,,this plate dried out and several were floating after rehydration
239,SB239,AV102-9,Gi_decipiens,Diversisporales,Gigasporaceae,Gigaspora,decipiens,unsterile,2,,y,04/24/25,CM,60,33935080.24,0.913265306,2,0.505469989,0,,16S_V3V4,PRJNA1276452,SAMN49072123,SRR33983965,./data/raw/4949_239_S240_R1_001.fastq.gz,./data/raw/4949_239_S240_R2_001.fastq.gz,,
240,SB240,AV102-9,Gi_decipiens,Diversisporales,Gigasporaceae,Gigaspora,decipiens,unsterile,3,,y,04/24/25,CM,60,33935080.24,0.913265306,2,0.505469989,0,,16S_V3V4,PRJNA1276452,SAMN49072124,SRR33983964,./data/raw/4949_240_S241_R1_001.fastq.gz,./data/raw/4949_240_S241_R2_001.fastq.gz,,
241,SB241,AV102-9,Gi_decipiens,Diversisporales,Gigasporaceae,Gigaspora,decipiens,sterile,1,26,y,04/24/25,CM,60,33935080.24,0.913265306,2,0.505469989,0,,16S_V3V4,PRJNA1276452,SAMN49072125,SRR33983963,./data/raw/4949_241_S242_R1_001.fastq.gz,./data/raw/4949_241_S242_R2_001.fastq.gz,,
242,SB242,AV102-9,Gi_decipiens,Diversisporales,Gigasporaceae,Gigaspora,decipiens,sterile,2,26,y,04/24/25,CM,60,33935080.24,0.913265306,2,0.505469989,0,,16S_V3V4,PRJNA1276452,SAMN49072126,SRR33983962,./data/raw/4949_242_S243_R1_001.fastq.gz,./data/raw/4949_242_S243_R2_001.fastq.gz,,
243,SB243,cntrSwbNegCon2,NA,NA,NA,NA,NA,negative_ctl,6,,y,04/24/25,CM,60,NA,NA,NA,NA,NA,,16S_V3V4,PRJNA1276452,SAMN49072127,SRR33983961,./data/raw/4949_243_S244_R1_001.fastq.gz,./data/raw/4949_243_S244_R2_001.fastq.gz,,Ambient lab overnight (replicate from above) PM - leaving a powerbead tube open overnight in spEx lab then treating like normal
244,SB244,NA,NA,NA,NA,NA,NA,negative_ctl,7,,y,04/24/25,CM,60,NA,NA,NA,NA,NA,,16S_V3V4,PRJNA1276452,SAMN49072128,SRR33983959,./data/raw/4949_244_S245_R1_001.fastq.gz,./data/raw/4949_244_S245_R2_001.fastq.gz,,Lab counter swab
245,SB245,AV102-9,Gi_decipiens,Diversisporales,Gigasporaceae,Gigaspora,decipiens,sterile,3,26,y,04/24/25,CM,60,33935080.24,0.913265306,2,0.505469989,0,,16S_V3V4,PRJNA1276452,SAMN49072129,SRR33983958,./data/raw/4949_245_S246_R1_001.fastq.gz,./data/raw/4949_245_S246_R2_001.fastq.gz,,
246,SB246,WV685-22,A_koskei,Diversisporales,Acaulosporaceae,Acaulospora,koskei,unsterile,1,,y,04/24/25,CM,60,1911053.588,0.718579235,2,0.265427296,0,,16S_V3V4,PRJNA1276452,SAMN49072130,SRR33983957,./data/raw/4949_246_S247_R1_001.fastq.gz,./data/raw/4949_246_S247_R2_001.fastq.gz,,
247,SB247,WV685-22,A_koskei,Diversisporales,Acaulosporaceae,Acaulospora,koskei,unsterile,2,,y,05/06/25,CM,60,1911053.588,0.718579235,2,0.265427296,0,,16S_V3V4,PRJNA1276452,SAMN49072131,SRR33983956,./data/raw/4949_247_S248_R1_001.fastq.gz,./data/raw/4949_247_S248_R2_001.fastq.gz,,
248,SB248,WV685-22,A_koskei,Diversisporales,Acaulosporaceae,Acaulospora,koskei,unsterile,3,,y,05/06/25,CM,60,1911053.588,0.718579235,2,0.265427296,0,,16S_V3V4,PRJNA1276452,SAMN49072132,SRR33983955,./data/raw/4949_248_S249_R1_001.fastq.gz,./data/raw/4949_248_S249_R2_001.fastq.gz,,
249,SB249,WV685-22,A_koskei,Diversisporales,Acaulosporaceae,Acaulospora,koskei,sterile,1,28,y,05/06/25,CM,60,1911053.588,0.718579235,2,0.265427296,0,,16S_V3V4,PRJNA1276452,SAMN49072133,SRR33983954,./data/raw/4949_249_S250_R1_001.fastq.gz,./data/raw/4949_249_S250_R2_001.fastq.gz,,
250,SB250,WV685-22,A_koskei,Diversisporales,Acaulosporaceae,Acaulospora,koskei,sterile,2,28,y,05/06/25,CM,60,1911053.588,0.718579235,2,0.265427296,0,,16S_V3V4,PRJNA1276452,SAMN49072134,SRR33984076,./data/raw/4949_250_S251_R1_001.fastq.gz,./data/raw/4949_250_S251_R2_001.fastq.gz,,
251,SB251,dnaExNegCon2,NA,NA,NA,NA,NA,negative_ctl,8,,y,05/06/25,CM,60,NA,NA,NA,NA,NA,,16S_V3V4,PRJNA1276452,SAMN49072135,SRR33984075,./data/raw/4949_251_S252_R1_001.fastq.gz,./data/raw/4949_251_S252_R2_001.fastq.gz,,Empty DNA kit extraction PM - left powerbead tube open to ambient DNA extr. lab conditions for ten minutes
252,SB252,WV685-22,A_koskei,Diversisporales,Acaulosporaceae,Acaulospora,koskei,sterile,3,28,y,05/06/25,CM,60,1911053.588,0.718579235,2,0.265427296,0,,16S_V3V4,PRJNA1276452,SAMN49072136,SRR33984074,./data/raw/4949_252_S253_R1_001.fastq.gz,./data/raw/4949_252_S253_R2_001.fastq.gz,,
253,SB253,WV270-22,A_morrowiae,Diversisporales,Acaulosporaceae,Acaulospora,morrowiae,unsterile,1,,y,05/06/25,CM,60,242490.9368,0.797468354,2,0.281580491,0,,16S_V3V4,PRJNA1276452,SAMN49072137,SRR33984073,./data/raw/4949_253_S254_R1_001.fastq.gz,./data/raw/4949_253_S254_R2_001.fastq.gz,,accidentally took one pile before photo but six piles did exist
254,SB254,WV270-22,A_morrowiae,Diversisporales,Acaulosporaceae,Acaulospora,morrowiae,unsterile,2,,y,05/06/25,CM,60,242490.9368,0.797468354,2,0.281580491,0,,16S_V3V4,PRJNA1276452,SAMN49072138,SRR33984071,./data/raw/4949_254_S255_R1_001.fastq.gz,./data/raw/4949_254_S255_R2_001.fastq.gz,,
255,SB255,WV270-22,A_morrowiae,Diversisporales,Acaulosporaceae,Acaulospora,morrowiae,unsterile,3,,y,05/06/25,CM,60,242490.9368,0.797468354,2,0.281580491,0,,16S_V3V4,PRJNA1276452,SAMN49072139,SRR33984070,./data/raw/4949_255_S256_R1_001.fastq.gz,./data/raw/4949_255_S256_R2_001.fastq.gz,,
256,SB256,WV270-22,A_morrowiae,Diversisporales,Acaulosporaceae,Acaulospora,morrowiae,sterile,1,29,y,05/06/25,CM,60,242490.9368,0.797468354,2,0.281580491,0,,16S_V3V4,PRJNA1276452,SAMN49072140,SRR33984069,./data/raw/4949_256_S257_R1_001.fastq.gz,./data/raw/4949_256_S257_R2_001.fastq.gz,,
257,SB257,WV270-22,A_morrowiae,Diversisporales,Acaulosporaceae,Acaulospora,morrowiae,sterile,2,29,y,05/06/25,CM,60,242490.9368,0.797468354,2,0.281580491,0,,16S_V3V4,PRJNA1276452,SAMN49072141,SRR33984068,./data/raw/4949_257_S258_R1_001.fastq.gz,./data/raw/4949_257_S258_R2_001.fastq.gz,,
258,SB258,WV270-22,A_morrowiae,Diversisporales,Acaulosporaceae,Acaulospora,morrowiae,sterile,3,29,y,05/06/25,CM,60,242490.9368,0.797468354,2,0.281580491,0,,16S_V3V4,PRJNA1276452,SAMN49072142,SRR33984067,./data/raw/4949_258_S259_R1_001.fastq.gz,./data/raw/4949_258_S259_R2_001.fastq.gz,,
